fpr,tpr
0.0,0.0
0.0,0.6363159825968444
0.0,0.6435498243958694
0.0,0.6467473921476123
0.0,0.6503643130471248
0.0,0.6523562404990303
0.0,0.6534046233684542
0.0,0.6546102636682917
0.0,0.6550820359595324
0.0,0.6556586465377156
0.0,0.6566021911201971
0.0,0.6573360591287938
0.0,0.6582271845678042
0.0,0.6586465377155737
0.0,0.6589610525764009
0.0,0.6597473397284689
0.0,0.6604812077370655
0.0,0.6606908843109504
0.0,0.6614247523195471
0.0,0.6622634586150862
0.0,0.6625779734759134
0.0,0.6631021649106253
0.0,0.6631545840540966
0.0,0.6636263563453373
0.0,0.6638884520626933
0.0,0.6644126434974053
0.0,0.6647795775017036
0.0,0.6649892540755884
0.0,0.665146511506002
0.0,0.6652513497929444
0.0,0.6654610263668291
0.0,0.6657231220841852
0.0,0.6660376369450123
0.0,0.6662473135188971
0.0,0.6665618283797243
0.0,0.6667190858101378
0.0,0.6669287623840227
0.0,0.6670860198144363
0.0,0.6674005346752634
0.0,0.667557792105677
0.0,0.6679247261099753
0.0,0.6680295643969177
0.0,0.6682392409708026
0.0,0.668344079257745
0.0,0.6683964984012162
0.0,0.6685013366881585
0.0,0.6688158515489857
0.0,0.6691303664098128
0.0,0.6693924621271689
0.0,0.6695497195575825
0.0,0.6696545578445248
0.0,0.669706976987996
0.0,0.6699166535618808
0.0,0.6701263301357656
0.0,0.6702835875661791
0.0,0.6705456832835351
0.0,0.6707029407139488
0.0,0.6708077790008912
0.0,0.6708601981443624
0.0,0.6710698747182471
0.0,0.6712795512921319
0.0,0.6714368087225455
0.0,0.6715416470094878
0.0,0.6716464852964302
0.0,0.6719610001572575
0.0,0.6720658384441999
0.0,0.6722230958746134
0.0,0.6723279341615558
0.0,0.672380353305027
0.0,0.6725376107354406
0.0,0.672642449022383
0.0,0.6728521255962677
0.0,0.6729045447397389
0.0,0.6731142213136238
0.0,0.6733238978875086
0.0,0.6735335744613933
0.0,0.6735859936048645
0.0,0.6736908318918069
0.0,0.6738480893222205
0.0,0.6739529276091629
0.0,0.674005346752634
0.0,0.6741101850395764
0.0,0.6742150233265188
0.0,0.6743198616134612
0.0,0.6744771190438749
0.0,0.6746343764742884
0.0,0.674791633904702
0.0,0.6749488913351156
0.0,0.675053729622058
0.0,0.6753682444828851
0.0,0.67557792105677
0.0,0.6756827593437124
0.0,0.6757351784871836
0.0,0.6760496933480107
0.0,0.6761021124914819
0.0,0.6762069507784243
0.0,0.6762593699218955
0.0,0.6763642082088379
0.0,0.6765214656392514
0.0,0.6766263039261938
0.0,0.6769408187870211
0.0,0.6770456570739634
0.0,0.6771504953609058
0.0,0.6772553336478482
0.0,0.6773077527913194
0.0,0.6775174293652042
0.0,0.678251297373801
0.0,0.6783561356607433
0.0,0.6785133930911569
0.0,0.6785658122346281
0.0,0.6786706505215705
0.0,0.6788279079519841
0.0,0.6790375845258688
0.0,0.6791424228128112
0.0,0.6792996802432248
0.0,0.679352099386696
0.0,0.6795093568171096
0.0,0.6795617759605808
0.0,0.6796666142475232
0.0,0.6797714525344656
0.0,0.6799287099648792
0.0,0.6799811291083504
0.0,0.6800859673952928
0.0,0.6802956439691775
0.0,0.6805053205430623
0.0,0.6807674162604183
0.0,0.6808722545473607
0.0,0.6809246736908319
0.0,0.6810295119777743
0.0,0.6812391885516591
0.0,0.6813440268386014
0.0,0.6816585416994286
0.0,0.681763379986371
0.0,0.682025475703727
0.0,0.6821303139906694
0.0,0.6822351522776118
0.0,0.6823924097080254
0.0,0.6824972479949678
0.0,0.6835980500078629
0.0,0.6838077265817476
0.0,0.6840174031556324
0.0,0.6841222414425748
0.0,0.6846464328772868
0.0,0.6847512711642292
0.0,0.6848561094511716
0.0,0.6850657860250563
0.0,0.6851706243119987
0.0,0.6852754625989411
0.0,0.6853803008858835
0.0,0.6854851391728259
0.0,0.6860617497510091
0.0,0.6861665880379515
0.0,0.6867956177596058
0.0,0.6869004560465481
0.0,0.6881060963463858
0.0,0.688210934633328
0.0,0.6888923834984536
0.0,0.688997221785396
0.0,0.6891020600723384
0.0,0.6892068983592808
0.0,0.6894689940766368
0.0,0.6895738323635792
0.0,0.6909367300938303
0.0,0.6910415683807727
0.0,0.6917230172458982
0.0,0.6918278555328405
0.0,0.6922996278240814
0.0,0.6924044661110238
0.0,0.6940294595586308
0.0,0.6941342978455732
0.0,0.6942391361325156
0.0,0.6943439744194579
0.0,0.694606070136814
0.0,0.6947109084237564
0.0,0.6984850867536825
0.0,0.6985899250406248
0.0,0.7005818524925302
0.0,0.7006866907794727
0.0,0.702940713948734
0.0,0.7030455522356764
0.0,0.7048278031136971
0.0,0.7049326414006395
0.0,0.7050898988310531
0.0,0.7051947371179955
0.0,0.705614090265765
0.0,0.7057189285527075
0.0,0.7062955391308906
0.0,0.706400377417833
0.0,0.7072915028568433
0.0,0.7073963411437857
0.0,0.711222938617183
0.0,0.7113277769041254
0.0,0.7113801960475966
0.0,0.711485034334539
0.0,0.7137914766472716
0.0,0.713896314934214
0.0,0.7150495360905803
0.0,0.7151543743775227
0.0,0.8670126330135766
1.0541851149061775e-05,0.8670126330135766
1.0541851149061775e-05,0.8730932536562352
2.108370229812355e-05,0.8730932536562352
2.108370229812355e-05,0.8805891911726162
3.162555344718533e-05,0.8805891911726162
3.162555344718533e-05,0.886145620380563
4.21674045962471e-05,0.886145620380563
4.21674045962471e-05,0.8863028778109766
5.2709255745308875e-05,0.8863028778109766
5.2709255745308875e-05,0.8913875347276825
6.325110689437066e-05,0.8913875347276825
6.325110689437066e-05,0.8950568747706662
7.379295804343243e-05,0.8950568747706662
7.379295804343243e-05,0.9007181422655554
8.43348091924942e-05,0.9007181422655554
8.43348091924942e-05,0.9007705614090266
9.487666034155598e-05,0.9007705614090266
9.487666034155598e-05,0.9020286208523353
0.00010541851149061775,0.9020286208523353
0.00010541851149061775,0.9030245845782879
0.00011596036263967952,0.9030245845782879
0.00011596036263967952,0.9038108717303559
0.0001265022137887413,0.9038108717303559
0.0001265022137887413,0.9061173140430885
0.00013704406493780308,0.9061173140430885
0.00013704406493780308,0.9086858520731771
0.00014758591608686486,0.9086858520731771
0.00014758591608686486,0.9110971326728521
0.00015812776723592663,0.9110971326728521
0.00015812776723592663,0.9114116475336793
0.0001686696183849884,0.9114116475336793
0.0001686696183849884,0.9130366409812863
0.00017921146953405018,0.9130366409812863
0.00017921146953405018,0.9152906641505478
0.00018975332068311195,0.9152906641505478
0.00018975332068311195,0.9161293704460869
0.00020029517183217373,0.9161293704460869
0.00020029517183217373,0.9166011427373276
0.0002108370229812355,0.9166011427373276
0.0002108370229812355,0.9181212978979924
0.00022137887413029727,0.9181212978979924
0.00022137887413029727,0.9208470933584946
0.00024246257642842082,0.9208470933584946
0.00024246257642842082,0.9211616082193217
0.0002530044275774826,0.9211616082193217
0.0002530044275774826,0.9239398228232951
0.00026354627872654437,0.9239398228232951
0.00026354627872654437,0.9240970802537086
0.00027408812987560617,0.9240970802537086
0.00027408812987560617,0.9246212716884206
0.0002846299810246679,0.9246212716884206
0.0002846299810246679,0.9253027205535461
0.0002951718321737297,0.9253027205535461
0.0002951718321737297,0.9256172354143734
0.00030571368332279146,0.9256172354143734
0.00030571368332279146,0.9261414268490853
0.00031625553447185326,0.9261414268490853
0.00031625553447185326,0.926613199140326
0.000326797385620915,0.926613199140326
0.000326797385620915,0.9278188394401635
0.0003373392367699768,0.9278188394401635
0.0003373392367699768,0.928185773444462
0.00034788108791903856,0.928185773444462
0.00034788108791903856,0.929024479740001
0.00035842293906810036,0.929024479740001
0.00035842293906810036,0.929548671174713
0.00036896479021716216,0.929548671174713
0.00036896479021716216,0.9301252817528961
0.0003795066413662239,0.9301252817528961
0.0003795066413662239,0.9305446349006657
0.0003900484925152857,0.9305446349006657
0.0003900484925152857,0.9308067306180217
0.00041113219481340925,0.9308067306180217
0.00041113219481340925,0.9318026943439744
0.000421674045962471,0.9318026943439744
0.000421674045962471,0.9318551134874457
0.0004322158971115328,0.9318551134874457
0.0004322158971115328,0.9321172092048016
0.00044275774826059455,0.9321172092048016
0.00044275774826059455,0.9327462389264559
0.00045329959940965635,0.9327462389264559
0.00045329959940965635,0.9345284898044766
0.0004638414505587181,0.9345284898044766
0.0004638414505587181,0.9346857472348902
0.00048492515285684164,0.9346857472348902
0.00048492515285684164,0.934895423808775
0.0004954670040059034,0.934895423808775
0.0004954670040059034,0.9351575195261309
0.0005060088551549652,0.9351575195261309
0.0005060088551549652,0.9358913875347277
0.0005165507063040269,0.9358913875347277
0.0005165507063040269,0.9359962258216701
0.0005270925574530887,0.9359962258216701
0.0005270925574530887,0.9366252555433244
0.0005376344086021505,0.9366252555433244
0.0005376344086021505,0.9368873512606803
0.0005587181109002741,0.9368873512606803
0.0005587181109002741,0.9369921895476228
0.0005692599620493358,0.9369921895476228
0.0005692599620493358,0.9375163809823347
0.0005903436643474594,0.9375163809823347
0.0005903436643474594,0.9377260575562195
0.0006008855154965212,0.9377260575562195
0.0006008855154965212,0.938145410703989
0.0006114273666455829,0.938145410703989
0.0006114273666455829,0.9383550872778739
0.0006219692177946447,0.9383550872778739
0.0006219692177946447,0.9385647638517587
0.0006325110689437065,0.9385647638517587
0.0006325110689437065,0.9386171829952299
0.0006852203246890154,0.9386171829952299
0.0006852203246890154,0.9395607275777114
0.0006957621758380771,0.9395607275777114
0.0006957621758380771,0.9401373381558945
0.0007063040269871389,0.9401373381558945
0.0007063040269871389,0.9401897572993657
0.0007168458781362007,0.9401897572993657
0.0007168458781362007,0.940504272160193
0.0007273877292852625,0.940504272160193
0.0007273877292852625,0.9407663678775489
0.0007379295804343243,0.9407663678775489
0.0007379295804343243,0.9410808827383761
0.0007695551338815096,0.9410808827383761
0.0007695551338815096,0.9412905593122608
0.0007800969850305714,0.9412905593122608
0.0007800969850305714,0.9415002358861456
0.0007906388361796331,0.9415002358861456
0.0007906388361796331,0.9428631336163967
0.0008011806873286949,0.9428631336163967
0.0008011806873286949,0.9430203910468103
0.0008117225384777567,0.9430203910468103
0.0008117225384777567,0.9447502227813598
0.0008222643896268185,0.9447502227813598
0.0008222643896268185,0.9451695759291293
0.0008328062407758802,0.9451695759291293
0.0008328062407758802,0.9452744142160717
0.0008538899430740038,0.9452744142160717
0.0008538899430740038,0.9453268333595429
0.0008644317942230656,0.9453268333595429
0.0008644317942230656,0.9454840907899565
0.0008855154965211891,0.9454840907899565
0.0008855154965211891,0.9457461865073125
0.0008960573476702509,0.9457461865073125
0.0008960573476702509,0.9459034439377261
0.0009065991988193127,0.9459034439377261
0.0009065991988193127,0.9470042459506212
0.0009171410499683745,0.9470042459506212
0.0009171410499683745,0.9470566650940924
0.0009276829011174362,0.9470566650940924
0.0009276829011174362,0.9476856948157467
0.0009487666034155598,0.9476856948157467
0.0009487666034155598,0.9478953713896315
0.0009698503057136833,0.9478953713896315
0.0009698503057136833,0.948052628820045
0.000980392156862745,0.948052628820045
0.000980392156862745,0.9484719819678147
0.0009909340080118069,0.9484719819678147
0.0009909340080118069,0.9485768202547571
0.0010014758591608687,0.9485768202547571
0.0010014758591608687,0.948838915972113
0.0010331014126080539,0.948838915972113
0.0010331014126080539,0.9488913351155842
0.0010541851149061775,0.9488913351155842
0.0010541851149061775,0.9493106882633537
0.0010647269660552393,0.9493106882633537
0.0010647269660552393,0.9495727839807098
0.001075268817204301,0.9495727839807098
0.001075268817204301,0.949625203124181
0.0011068943706514865,0.949625203124181
0.0011068943706514865,0.9497300414111234
0.0011174362218005483,0.9497300414111234
0.0011174362218005483,0.9497824605545946
0.0011279780729496099,0.9497824605545946
0.0011279780729496099,0.9505163285631912
0.0011490617752477335,0.9505163285631912
0.0011490617752477335,0.9505687477066624
0.001170145477545857,0.9505687477066624
0.001170145477545857,0.9508308434240185
0.0011806873286949189,0.9508308434240185
0.0011806873286949189,0.9510405199979033
0.0011912291798439807,0.9510405199979033
0.0011912291798439807,0.9511977774283168
0.001212312882142104,0.9511977774283168
0.001212312882142104,0.951250196571788
0.0012228547332911659,0.951250196571788
0.0012228547332911659,0.952036483723856
0.0012333965844402277,0.952036483723856
0.0012333965844402277,0.9522985794412119
0.0012544802867383513,0.9522985794412119
0.0012544802867383513,0.9526130943020391
0.001265022137887413,0.9526130943020391
0.001265022137887413,0.9527179325889815
0.0012755639890364749,0.9527179325889815
0.0012755639890364749,0.953137285736751
0.0012861058401855367,0.953137285736751
0.0012861058401855367,0.9533469623106359
0.0012966476913345985,0.9533469623106359
0.0012966476913345985,0.9533993814541071
0.00130718954248366,0.9533993814541071
0.00130718954248366,0.9535042197410495
0.0013177313936327218,0.9535042197410495
0.0013177313936327218,0.9535566388845206
0.0013282732447817836,0.9535566388845206
0.0013282732447817836,0.9536090580279918
0.0013388150959308454,0.9536090580279918
0.0013388150959308454,0.9537138963149342
0.0013493569470799072,0.9537138963149342
0.0013493569470799072,0.9538187346018766
0.001359898798228969,0.9538187346018766
0.001359898798228969,0.953923572888819
0.0013704406493780308,0.953923572888819
0.0013704406493780308,0.9540808303192326
0.0013809825005270926,0.9540808303192326
0.0013809825005270926,0.9541332494627037
0.0013915243516761542,0.9541332494627037
0.0013915243516761542,0.9541856686061749
0.0014231499051233396,0.9541856686061749
0.0014231499051233396,0.9542380877496461
0.0014336917562724014,0.9542380877496461
0.0014336917562724014,0.9543429260365885
0.0014442336074214632,0.9543429260365885
0.0014442336074214632,0.9543953451800598
0.001454775458570525,0.9543953451800598
0.001454775458570525,0.9546574408974158
0.0014653173097195868,0.9546574408974158
0.0014653173097195868,0.9547622791843581
0.0014758591608686486,0.9547622791843581
0.0014758591608686486,0.9549195366147717
0.0014864010120177102,0.9549195366147717
0.0014864010120177102,0.9550767940451853
0.001496942863166772,0.9550767940451853
0.001496942863166772,0.9551292131886565
0.0015180265654648956,0.9551292131886565
0.0015180265654648956,0.9554437280494836
0.0015391102677630192,0.9554437280494836
0.0015391102677630192,0.9556009854798972
0.001549652118912081,0.9556009854798972
0.001549652118912081,0.9557058237668397
0.0015601939700611428,0.9557058237668397
0.0015601939700611428,0.9559679194841957
0.0015707358212102044,0.9559679194841957
0.0015707358212102044,0.9563872726319652
0.0015812776723592662,0.9563872726319652
0.0015812776723592662,0.9565445300623788
0.0016023613746573898,0.9565445300623788
0.0016023613746573898,0.9565969492058499
0.0016129032258064516,0.9565969492058499
0.0016129032258064516,0.9566493683493211
0.0016234450769555134,0.9566493683493211
0.0016234450769555134,0.9567542066362635
0.0016656124815517604,0.9567542066362635
0.0016656124815517604,0.956859044923206
0.001686696183849884,0.956859044923206
0.001686696183849884,0.9569638832101484
0.0016972380349989458,0.9569638832101484
0.0016972380349989458,0.9572259789275043
0.0017183217372970694,0.9572259789275043
0.0017183217372970694,0.9572783980709755
0.0017288635884461312,0.9572783980709755
0.0017288635884461312,0.9574356555013891
0.0017499472907442546,0.9574356555013891
0.0017499472907442546,0.9574880746448603
0.0017604891418933164,0.9574880746448603
0.0017604891418933164,0.9576453320752739
0.0017710309930423782,0.9576453320752739
0.0017710309930423782,0.9576977512187451
0.0018026565464895636,0.9576977512187451
0.0018026565464895636,0.9577501703622163
0.0018237402487876872,0.9577501703622163
0.0018237402487876872,0.9581171043665146
0.001834282099936749,0.9581171043665146
0.001834282099936749,0.9583792000838707
0.0018448239510858106,0.9583792000838707
0.0018448239510858106,0.9584316192273419
0.0018553658022348724,0.9584316192273419
0.0018553658022348724,0.9585364575142842
0.0018975332068311196,0.9585364575142842
0.0018975332068311196,0.9586412958012266
0.0019080750579801814,0.9586412958012266
0.0019080750579801814,0.958746134088169
0.0019291587602783048,0.958746134088169
0.0019291587602783048,0.9587985532316402
0.0019397006114273666,0.9587985532316402
0.0019397006114273666,0.9588509723751114
0.0019502424625764284,0.9588509723751114
0.0019502424625764284,0.9589033915185826
0.001971326164874552,0.9589033915185826
0.001971326164874552,0.9591130680924673
0.0019924098671726754,0.9591130680924673
0.0019924098671726754,0.9592703255228809
0.0020029517183217374,0.9592703255228809
0.0020029517183217374,0.9593227446663521
0.002013493569470799,0.9593227446663521
0.002013493569470799,0.9593751638098234
0.002024035420619861,0.9593751638098234
0.002024035420619861,0.959532421240237
0.0020451191229179846,0.959532421240237
0.0020451191229179846,0.9595848403837082
0.002055660974067046,0.9595848403837082
0.002055660974067046,0.9596372595271794
0.0020662028252161077,0.9596372595271794
0.0020662028252161077,0.9597945169575929
0.0020767446763651698,0.9597945169575929
0.0020767446763651698,0.9598469361010641
0.0020872865275142313,0.9598469361010641
0.0020872865275142313,0.9598993552445353
0.002118912080961417,0.9598993552445353
0.002118912080961417,0.9600566126749489
0.0021294539321104785,0.9600566126749489
0.0021294539321104785,0.960371127535776
0.0021399957832595406,0.960371127535776
0.0021399957832595406,0.9604235466792472
0.002150537634408602,0.9604235466792472
0.002150537634408602,0.9605283849661896
0.0021610794855576637,0.9605283849661896
0.0021610794855576637,0.9605808041096608
0.0021716213367067258,0.9605808041096608
0.0021716213367067258,0.9606856423966033
0.0021927050390048494,0.9606856423966033
0.0021927050390048494,0.9607380615400745
0.002203246890153911,0.9607380615400745
0.002203246890153911,0.9608428998270169
0.0022243305924520345,0.9608428998270169
0.0022243305924520345,0.9609477381139592
0.0022664979970482817,0.9609477381139592
0.0022664979970482817,0.961157414687844
0.0022770398481973433,0.961157414687844
0.0022770398481973433,0.9612098338313152
0.002308665401644529,0.9612098338313152
0.002308665401644529,0.9614195104052
0.0023192072527935905,0.9614195104052
0.0023192072527935905,0.9615243486921423
0.0023613746573898377,0.9615243486921423
0.0023613746573898377,0.9615767678356135
0.0023719165085388993,0.9615767678356135
0.0023719165085388993,0.9616291869790847
0.002393000210837023,0.9616291869790847
0.002393000210837023,0.961943701839912
0.0024140839131351465,0.961943701839912
0.0024140839131351465,0.9622057975572679
0.002424625764284208,0.9622057975572679
0.002424625764284208,0.9622582167007391
0.00243516761543327,0.9622582167007391
0.00243516761543327,0.9623630549876815
0.0024457094665823317,0.9623630549876815
0.0024457094665823317,0.9624154741311527
0.002498418722327641,0.9624154741311527
0.002498418722327641,0.9624678932746239
0.0025089605734767025,0.9624678932746239
0.0025089605734767025,0.9625203124180951
0.002582753531520135,0.9625203124180951
0.002582753531520135,0.9625727315615663
0.00261437908496732,0.9625727315615663
0.00261437908496732,0.9626251507050375
0.002624920936116382,0.9626251507050375
0.002624920936116382,0.9628872464223934
0.0026670883407126293,0.9628872464223934
0.0026670883407126293,0.9629920847093358
0.002677630191861691,0.9629920847093358
0.002677630191861691,0.9632541804266919
0.002688172043010753,0.9632541804266919
0.002688172043010753,0.9633065995701631
0.0026987138941598145,0.9633065995701631
0.0026987138941598145,0.9634114378571054
0.002709255745308876,0.9634114378571054
0.002709255745308876,0.9634638570005766
0.0027303394476069997,0.9634638570005766
0.0027303394476069997,0.9637259527179326
0.0027408812987560617,0.9637259527179326
0.0027408812987560617,0.9638832101483462
0.0027514231499051233,0.9638832101483462
0.0027514231499051233,0.9640404675787597
0.0027619650010541853,0.9640404675787597
0.0027619650010541853,0.9640928867222309
0.0027830487033523085,0.9640928867222309
0.0027830487033523085,0.9641453058657021
0.0027935905545013705,0.9641453058657021
0.0027935905545013705,0.9642501441526445
0.002804132405650432,0.9642501441526445
0.002804132405650432,0.9643025632961157
0.0028779253636938644,0.9643025632961157
0.0028779253636938644,0.964354982439587
0.0028884672148429265,0.964354982439587
0.0028884672148429265,0.9644074015830582
0.00290955091714105,0.9644074015830582
0.00290955091714105,0.9644598207265294
0.0029200927682901117,0.9644598207265294
0.0029200927682901117,0.9645122398700006
0.0029306346194391737,0.9645122398700006
0.0029306346194391737,0.9646170781569429
0.0029411764705882353,0.9646170781569429
0.0029411764705882353,0.9646694973004141
0.0029517183217372973,0.9646694973004141
0.0029517183217372973,0.9647219164438853
0.002962260172886359,0.9647219164438853
0.002962260172886359,0.9647743355873565
0.002993885726333544,0.9647743355873565
0.002993885726333544,0.9648267547308277
0.003004427577482606,0.9648267547308277
0.003004427577482606,0.9650364313047125
0.0030149694286316676,0.9650364313047125
0.0030149694286316676,0.9650888504481837
0.0030255112797807297,0.9650888504481837
0.0030255112797807297,0.9652461078785972
0.0030360531309297912,0.9652461078785972
0.0030360531309297912,0.9652985270220684
0.0030465949820788533,0.9652985270220684
0.0030465949820788533,0.9655606227394244
0.0030676786843769764,0.9655606227394244
0.0030676786843769764,0.9656654610263669
0.0030887623866751,0.9656654610263669
0.0030887623866751,0.9657178801698381
0.0031098460889732236,0.9657178801698381
0.0031098460889732236,0.9658227184567805
0.003141471642420409,0.9658227184567805
0.003141471642420409,0.9658751376002516
0.0031730971958675944,0.9658751376002516
0.0031730971958675944,0.9659275567437228
0.003183639047016656,0.9659275567437228
0.003183639047016656,0.9660323950306652
0.0032152646004638416,0.9660323950306652
0.0032152646004638416,0.9660848141741364
0.0032258064516129032,0.9660848141741364
0.0032258064516129032,0.9661372333176076
0.003246890153911027,0.9661372333176076
0.003246890153911027,0.96624207160455
0.0032679738562091504,0.96624207160455
0.0032679738562091504,0.9662944907480212
0.003289057558507274,0.9662944907480212
0.003289057558507274,0.9663469098914924
0.0033101412608053976,0.9663469098914924
0.0033101412608053976,0.9663993290349636
0.003331224963103521,0.9663993290349636
0.003331224963103521,0.9664517481784347
0.0033523086654016444,0.9664517481784347
0.0033523086654016444,0.9665041673219059
0.003373392367699768,0.9665041673219059
0.003373392367699768,0.9665565864653771
0.00338393421884883,0.9665565864653771
0.00338393421884883,0.9666090056088483
0.0034050179211469536,0.9666090056088483
0.0034050179211469536,0.9668186821827331
0.003415559772296015,0.9668186821827331
0.003415559772296015,0.9669759396131468
0.0034577271768922624,0.9669759396131468
0.0034577271768922624,0.9670807779000891
0.003499894581488509,0.9670807779000891
0.003499894581488509,0.9672380353305027
0.003510436432637571,0.9672380353305027
0.003510436432637571,0.9672904544739739
0.0035209782837866328,0.9672904544739739
0.0035209782837866328,0.9675001310478587
0.003531520134935695,0.9675001310478587
0.003531520134935695,0.9676049693348011
0.0035420619860847564,0.9676049693348011
0.0035420619860847564,0.9676573884782723
0.0035526038372338184,0.9676573884782723
0.0035526038372338184,0.9677622267652146
0.003605313092979127,0.9677622267652146
0.003605313092979127,0.9682339990564555
0.0036158549441281888,0.9682339990564555
0.0036158549441281888,0.9683388373433978
0.003626396795277251,0.9683388373433978
0.003626396795277251,0.9684436756303402
0.003658022348724436,0.9684436756303402
0.003658022348724436,0.9684960947738114
0.003668564199873498,0.9684960947738114
0.003668564199873498,0.9685485139172826
0.0036791060510225596,0.9685485139172826
0.0036791060510225596,0.9686009330607538
0.0037212734556188068,0.9686009330607538
0.0037212734556188068,0.968653352204225
0.0037423571579169304,0.968653352204225
0.0037423571579169304,0.9687057713476962
0.003763440860215054,0.9687057713476962
0.003763440860215054,0.9687581904911674
0.0038056082648113007,0.9687581904911674
0.0038056082648113007,0.9689154479215809
0.0038161501159603628,0.9689154479215809
0.0038161501159603628,0.9689678670650521
0.0038372338182584864,0.9689678670650521
0.0038372338182584864,0.9690727053519945
0.003847775669407548,0.9690727053519945
0.003847775669407548,0.9691775436389369
0.0038688593717056716,0.9691775436389369
0.0038688593717056716,0.9693872202128218
0.003911026776301918,0.9693872202128218
0.003911026776301918,0.969439639356293
0.003932110478600042,0.969439639356293
0.003932110478600042,0.9695968967867065
0.0039531941808981655,0.9695968967867065
0.0039531941808981655,0.9698065733605913
0.0039637360320472275,0.9698065733605913
0.0039637360320472275,0.9698589925040625
0.0039742778831962896,0.9698589925040625
0.0039742778831962896,0.9700162499344761
0.003995361585494413,0.9700162499344761
0.003995361585494413,0.9701210882214185
0.004005903436643475,0.9701210882214185
0.004005903436643475,0.9701735073648896
0.004016445287792537,0.9701735073648896
0.004016445287792537,0.9703307647953032
0.00403752899009066,0.9703307647953032
0.00403752899009066,0.9703831839387744
0.004058612692388783,0.9703831839387744
0.004058612692388783,0.9706452796561305
0.004069154543537845,0.9706452796561305
0.004069154543537845,0.9706976987996017
0.004079696394686907,0.9706976987996017
0.004079696394686907,0.970802537086544
0.004090238245835969,0.970802537086544
0.004090238245835969,0.9708549562300152
0.0041429475015812775,0.9708549562300152
0.0041429475015812775,0.9709073753734864
0.004195656757326587,0.9709073753734864
0.004195656757326587,0.9710122136604288
0.004206198608475649,0.9710122136604288
0.004206198608475649,0.9712218902343136
0.004248366013071895,0.9712218902343136
0.004248366013071895,0.9712743093777848
0.004301075268817204,0.9712743093777848
0.004301075268817204,0.971326728521256
0.004311617119966266,0.971326728521256
0.004311617119966266,0.9714839859516695
0.0043221589711153275,0.9714839859516695
0.0043221589711153275,0.9715364050951407
0.0043537845245625135,0.9715364050951407
0.0043537845245625135,0.9717985008124967
0.00439595192915876,0.9717985008124967
0.00439595192915876,0.971850919955968
0.004406493780307822,0.971850919955968
0.004406493780307822,0.9719033390994392
0.004427577482605946,0.9719033390994392
0.004427577482605946,0.9720081773863815
0.004438119333755007,0.9720081773863815
0.004438119333755007,0.9720605965298527
0.004459203036053131,0.9720605965298527
0.004459203036053131,0.9721130156733239
0.004469744887202193,0.9721130156733239
0.004469744887202193,0.9721654348167951
0.004480286738351254,0.9721654348167951
0.004480286738351254,0.9722178539602663
0.0045435378452456255,0.9722178539602663
0.0045435378452456255,0.9722702731037375
0.004575163398692811,0.9722702731037375
0.004575163398692811,0.9723226922472087
0.004585705249841872,0.9723226922472087
0.004585705249841872,0.9724799496776223
0.004596247100990934,0.9724799496776223
0.004596247100990934,0.9725323688210935
0.004638414505587181,0.9725323688210935
0.004638414505587181,0.9725847879645647
0.004659498207885305,0.9725847879645647
0.004659498207885305,0.9727944645384494
0.004743833017077799,0.9727944645384494
0.004743833017077799,0.9728468836819206
0.004754374868226861,0.9728468836819206
0.004754374868226861,0.9728993028253918
0.004764916719375923,0.9728993028253918
0.004764916719375923,0.972951721968863
0.004775458570524984,0.972951721968863
0.004775458570524984,0.9730041411123342
0.004786000421674046,0.9730041411123342
0.004786000421674046,0.9730565602558054
0.004817625975121231,0.9730565602558054
0.004817625975121231,0.9731613985427479
0.004828167826270293,0.9731613985427479
0.004828167826270293,0.9732138176862191
0.004849251528568416,0.9732138176862191
0.004849251528568416,0.9733710751166326
0.004891418933164663,0.9733710751166326
0.004891418933164663,0.973475913403575
0.004901960784313725,0.973475913403575
0.004901960784313725,0.9735807516905174
0.0049230444866118495,0.9735807516905174
0.0049230444866118495,0.9736331708339886
0.004933586337760911,0.9736331708339886
0.004933586337760911,0.9736855899774598
0.004944128188909973,0.9736855899774598
0.004944128188909973,0.973738009120931
0.004996837444655282,0.973738009120931
0.004996837444655282,0.9737904282644022
0.005007379295804343,0.9737904282644022
0.005007379295804343,0.9738952665513445
0.005060088551549652,0.9738952665513445
0.005060088551549652,0.9739476856948157
0.005070630402698714,0.9739476856948157
0.005070630402698714,0.9740001048382869
0.005081172253847775,0.9740001048382869
0.005081172253847775,0.9741049431252293
0.005091714104996837,0.9741049431252293
0.005091714104996837,0.9741573622687005
0.005112797807294961,0.9741573622687005
0.005112797807294961,0.9742097814121717
0.005133881509593085,0.9742097814121717
0.005133881509593085,0.9742622005556429
0.005154965211891208,0.9742622005556429
0.005154965211891208,0.9743146196991141
0.005176048914189332,0.9743146196991141
0.005176048914189332,0.9743670388425854
0.005186590765338394,0.9743670388425854
0.005186590765338394,0.9744194579860566
0.005197132616487455,0.9744194579860566
0.005197132616487455,0.9745767154164701
0.005218216318785579,0.9745767154164701
0.005218216318785579,0.9746815537034125
0.005249841872232764,0.9746815537034125
0.005249841872232764,0.9747339728468837
0.005260383723381826,0.9747339728468837
0.005260383723381826,0.9747863919903549
0.005292009276829011,0.9747863919903549
0.005292009276829011,0.9748388111338261
0.005355260383723382,0.9748388111338261
0.005355260383723382,0.9749436494207685
0.005407969639468691,0.9749436494207685
0.005407969639468691,0.9750484877077109
0.005429053341766814,0.9750484877077109
0.005429053341766814,0.975100906851182
0.005481762597512123,0.975100906851182
0.005481762597512123,0.9751533259946532
0.005534471853257432,0.9751533259946532
0.005534471853257432,0.9752057451381244
0.005545013704406494,0.9752057451381244
0.005545013704406494,0.9752581642815956
0.005587181109002741,0.9752581642815956
0.005587181109002741,0.975363002568538
0.005597722960151803,0.975363002568538
0.005597722960151803,0.9754154217120092
0.00563989036474805,0.9754154217120092
0.00563989036474805,0.9755202599989516
0.005650432215897111,0.9755202599989516
0.005650432215897111,0.975625098285894
0.0056820577693442965,0.975625098285894
0.0056820577693442965,0.9757299365728364
0.0056925996204933585,0.9757299365728364
0.0056925996204933585,0.9757823557163076
0.0058718110900274085,0.9757823557163076
0.0058718110900274085,0.9758347748597788
0.0058928947923255325,0.9758347748597788
0.0058928947923255325,0.97588719400325
0.005913978494623656,0.97588719400325
0.005913978494623656,0.9759396131467212
0.00593506219692178,0.9759396131467212
0.00593506219692178,0.9759920322901924
0.005966687750368965,0.9759920322901924
0.005966687750368965,0.9760444514336636
0.006040480708412397,0.9760444514336636
0.006040480708412397,0.9760968705771348
0.006051022559561459,0.9760968705771348
0.006051022559561459,0.9762017088640772
0.006188066624499262,0.9762017088640772
0.006188066624499262,0.9762541280075484
0.0062724014336917565,0.9762541280075484
0.0062724014336917565,0.9764113854379619
0.006304026987138942,0.9764113854379619
0.006304026987138942,0.9764638045814331
0.006314568838288004,0.9764638045814331
0.006314568838288004,0.9765686428683755
0.006335652540586127,0.9765686428683755
0.006335652540586127,0.9766210620118467
0.006493780307822054,0.9766210620118467
0.006493780307822054,0.9766734811553179
0.006578115117014548,0.9766734811553179
0.006578115117014548,0.9767259002987891
0.006609740670461733,0.9767259002987891
0.006609740670461733,0.9767783194422603
0.006620282521610795,0.9767783194422603
0.006620282521610795,0.9768307385857316
0.006683533628505166,0.9768307385857316
0.006683533628505166,0.9768831577292028
0.006778410288846721,0.9768831577292028
0.006778410288846721,0.9769355768726738
0.006852203246890154,0.9769355768726738
0.006852203246890154,0.976987996016145
0.006936538056082648,0.976987996016145
0.006936538056082648,0.9770404151596163
0.006999789162977018,0.9770404151596163
0.006999789162977018,0.9771452534465587
0.007020872865275142,0.9771452534465587
0.007020872865275142,0.9771976725900299
0.007115749525616698,0.9771976725900299
0.007115749525616698,0.9772500917335011
0.007147375079063884,0.9772500917335011
0.007147375079063884,0.9773549300204435
0.007221168037107316,0.9773549300204435
0.007221168037107316,0.9774073491639147
0.007273877292852625,0.9774073491639147
0.007273877292852625,0.9775121874508571
0.007368753953194181,0.9775121874508571
0.007368753953194181,0.9775646065943282
0.0074214632089394895,0.9775646065943282
0.0074214632089394895,0.9776694448812706
0.007453088762386675,0.9776694448812706
0.007453088762386675,0.9777218640247418
0.007516339869281046,0.9777218640247418
0.007516339869281046,0.977774283168213
0.0076112165296226015,0.977774283168213
0.0076112165296226015,0.9778267023116842
0.007653383934218849,0.9778267023116842
0.007653383934218849,0.9778791214551554
0.007769344296858528,0.9778791214551554
0.007769344296858528,0.9779839597420978
0.007885304659498209,0.9779839597420978
0.007885304659498209,0.978036378885569
0.00801180687328695,0.978036378885569
0.00801180687328695,0.9780887980290403
0.008085599831330382,0.9780887980290403
0.008085599831330382,0.9781412171725113
0.008169934640522876,0.9781412171725113
0.008169934640522876,0.9781936363159826
0.00820156019397006,0.9781936363159826
0.00820156019397006,0.9782460554594538
0.008222643896268185,0.9782460554594538
0.008222643896268185,0.978298474602925
0.008243727598566309,0.978298474602925
0.008243727598566309,0.9783508937463962
0.008412397216951297,0.9783508937463962
0.008412397216951297,0.9784033128898674
0.008465106472696606,0.9784033128898674
0.008465106472696606,0.9784557320333386
0.008517815728441914,0.9784557320333386
0.008517815728441914,0.9785081511768098
0.008602150537634409,0.9785081511768098
0.008602150537634409,0.978560570320281
0.008633776091081595,0.978560570320281
0.008633776091081595,0.9786654086072234
0.008644317942230655,0.9786654086072234
0.008644317942230655,0.9787702468941657
0.008686485346826903,0.9787702468941657
0.008686485346826903,0.9788226660376369
0.008707569049125027,0.9788226660376369
0.008707569049125027,0.9788750851811081
0.008718110900274087,0.9788750851811081
0.008718110900274087,0.9790323426115217
0.00872865275142315,0.9790323426115217
0.00872865275142315,0.9790847617549929
0.008823529411764706,0.9790847617549929
0.008823529411764706,0.9791371808984641
0.008834071262913768,0.9791371808984641
0.008834071262913768,0.9791896000419353
0.008865696816360954,0.9791896000419353
0.008865696816360954,0.9792420191854065
0.008886780518659076,0.9792420191854065
0.008886780518659076,0.9792944383288777
0.008960573476702509,0.9792944383288777
0.008960573476702509,0.979346857472349
0.008992199030149695,0.979346857472349
0.008992199030149695,0.97939927661582
0.009034366434745941,0.97939927661582
0.009034366434745941,0.9794516957592913
0.009118701243938435,0.9794516957592913
0.009118701243938435,0.9795041149027625
0.009129243095087497,0.9795041149027625
0.009129243095087497,0.9795565340462337
0.009234661606578116,0.9795565340462337
0.009234661606578116,0.9796089531897049
0.00932953826691967,0.9796089531897049
0.00932953826691967,0.9797662106201185
0.009361163820366857,0.9797662106201185
0.009361163820366857,0.9798186297635897
0.009508749736453721,0.9798186297635897
0.009508749736453721,0.9798710489070609
0.009540375289900907,0.9798710489070609
0.009540375289900907,0.9799234680505321
0.009593084545646216,0.9799234680505321
0.009593084545646216,0.9799758871940033
0.009645793801391524,0.9799758871940033
0.009645793801391524,0.9800283063374744
0.009730128610584018,0.9800283063374744
0.009730128610584018,0.9800807254809456
0.009751212312882142,0.9800807254809456
0.009751212312882142,0.9801331446244168
0.010004216740459624,0.9801331446244168
0.010004216740459624,0.980185563767888
0.010078009698503056,0.980185563767888
0.010078009698503056,0.9802379829113592
0.010109635251950242,0.9802379829113592
0.010109635251950242,0.9802904020548304
0.010183428209993675,0.9802904020548304
0.010183428209993675,0.9803428211983016
0.010193970061142737,0.9803428211983016
0.010193970061142737,0.9803952403417728
0.010246679316888045,0.9803952403417728
0.010246679316888045,0.980447659485244
0.010309930423782416,0.980447659485244
0.010309930423782416,0.9805000786287152
0.010320472274931478,0.9805000786287152
0.010320472274931478,0.9805524977721864
0.01045751633986928,0.9805524977721864
0.01045751633986928,0.9806049169156575
0.010489141893316466,0.9806049169156575
0.010489141893316466,0.9806573360591287
0.01051022559561459,0.9806573360591287
0.01051022559561459,0.9807621743460712
0.010541851149061775,0.9807621743460712
0.010541851149061775,0.9808145934895424
0.01057347670250896,0.9808145934895424
0.01057347670250896,0.9808670126330136
0.010594560404807085,0.9808670126330136
0.010594560404807085,0.9809194317764848
0.01062618595825427,0.9809194317764848
0.01062618595825427,0.980971850919956
0.010752688172043012,0.980971850919956
0.010752688172043012,0.9810242700634272
0.01080539742778832,0.9810242700634272
0.01080539742778832,0.9811291083503696
0.010910815939278937,0.9811291083503696
0.010910815939278937,0.9812339466373119
0.010921357790427999,0.9812339466373119
0.010921357790427999,0.9812863657807831
0.011005692599620493,0.9812863657807831
0.011005692599620493,0.9813912040677255
0.011068943706514863,0.9813912040677255
0.011068943706514863,0.9814436232111967
0.011121652962260174,0.9814436232111967
0.011121652962260174,0.9814960423546679
0.011195445920303606,0.9814960423546679
0.011195445920303606,0.9815484614981391
0.011237613324899852,0.9815484614981391
0.011237613324899852,0.9816008806416103
0.0112797807294961,0.9816008806416103
0.0112797807294961,0.9816532997850815
0.01129032258064516,0.9816532997850815
0.01129032258064516,0.9817057189285527
0.011416824794433903,0.9817057189285527
0.011416824794433903,0.981758138072024
0.01145899219903015,0.981758138072024
0.01145899219903015,0.9818105572154951
0.011669829222011385,0.9818105572154951
0.011669829222011385,0.9819153955024374
0.011680371073160447,0.9819153955024374
0.011680371073160447,0.9819678146459087
0.011743622180054817,0.9819678146459087
0.011743622180054817,0.9820202337893799
0.012007168458781362,0.9820202337893799
0.012007168458781362,0.9820726529328511
0.012218005481762597,0.9820726529328511
0.012218005481762597,0.9821250720763223
0.012270714737507906,0.9821250720763223
0.012270714737507906,0.9822299103632647
0.012397216951296648,0.9822299103632647
0.012397216951296648,0.9822823295067359
0.01247100990934008,0.9822823295067359
0.01247100990934008,0.9823347486502071
0.012776723592662872,0.9823347486502071
0.012776723592662872,0.9823871677936783
0.012839974699557243,0.9823871677936783
0.012839974699557243,0.9824395869371495
0.012892683955302551,0.9824395869371495
0.012892683955302551,0.9825444252240918
0.01306135357368754,0.9825444252240918
0.01306135357368754,0.982596844367563
0.013082437275985664,0.982596844367563
0.013082437275985664,0.9826492635110342
0.013388150959308455,0.9826492635110342
0.013388150959308455,0.9827016826545054
0.013588446131140628,0.9827016826545054
0.013588446131140628,0.9827541017979766
0.013620071684587814,0.9827541017979766
0.013620071684587814,0.9828065209414478
0.01371494834492937,0.9828065209414478
0.01371494834492937,0.982858940084919
0.013736032047227493,0.982858940084919
0.013736032047227493,0.9829113592283902
0.013788741302972802,0.9829113592283902
0.013788741302972802,0.9829637783718614
0.013809825005270926,0.9829637783718614
0.013809825005270926,0.9830161975153326
0.013925785367910604,0.9830161975153326
0.013925785367910604,0.9830686166588037
0.014052287581699347,0.9830686166588037
0.014052287581699347,0.983121035802275
0.014073371283997469,0.983121035802275
0.014073371283997469,0.9831734549457462
0.014242040902382458,0.9831734549457462
0.014242040902382458,0.9832258740892174
0.014758591608686485,0.9832258740892174
0.014758591608686485,0.9832782932326886
0.015064305292009276,0.9832782932326886
0.015064305292009276,0.9833307123761598
0.015612481551760489,0.9833307123761598
0.015612481551760489,0.983383131519631
0.015717900063251106,0.983383131519631
0.015717900063251106,0.9834355506631022
0.01585494412818891,0.9834355506631022
0.01585494412818891,0.9834879698065734
0.016013071895424835,0.9834879698065734
0.016013071895424835,0.9835403889500446
0.0160236137465739,0.9835403889500446
0.0160236137465739,0.9835928080935158
0.016076323002319207,0.9835928080935158
0.016076323002319207,0.983645227236987
0.016339869281045753,0.983645227236987
0.016339869281045753,0.9836976463804581
0.016350411132194813,0.9836976463804581
0.016350411132194813,0.9837500655239293
0.016613957410921358,0.9837500655239293
0.016613957410921358,0.9838024846674005
0.0167404596247101,0.9838024846674005
0.0167404596247101,0.9838549038108717
0.016951296647691336,0.9838549038108717
0.016951296647691336,0.9839073229543429
0.01727809403331225,0.9839073229543429
0.01727809403331225,0.9839597420978141
0.01740459624710099,0.9839597420978141
0.01740459624710099,0.9840121612412853
0.01752055660974067,0.9840121612412853
0.01752055660974067,0.9840645803847565
0.017594349567784103,0.9840645803847565
0.017594349567784103,0.9841694186716989
0.01763651697238035,0.9841694186716989
0.01763651697238035,0.9842218378151701
0.01823740248787687,0.9842218378151701
0.01823740248787687,0.9842742569586413
0.018374446552814675,0.9842742569586413
0.018374446552814675,0.9843266761021124
0.018437697659709044,0.9843266761021124
0.018437697659709044,0.9843790952455836
0.018848829854522454,0.9843790952455836
0.018848829854522454,0.9844315143890549
0.018880455407969638,0.9844315143890549
0.018880455407969638,0.9844839335325261
0.01899641577060932,0.9844839335325261
0.01899641577060932,0.9845363526759973
0.019586759434956778,0.9845363526759973
0.019586759434956778,0.9845887718194685
0.02006114273666456,0.9845887718194685
0.02006114273666456,0.9846411909629397
0.020103310141260804,0.9846411909629397
0.020103310141260804,0.9846936101064109
0.020113851992409868,0.9846936101064109
0.020113851992409868,0.9847460292498821
0.020261437908496733,0.9847460292498821
0.020261437908496733,0.9847984483933533
0.020503900484925154,0.9847984483933533
0.020503900484925154,0.9848508675368245
0.02053552603837234,0.9848508675368245
0.02053552603837234,0.9849032866802957
0.020693653805608263,0.9849032866802957
0.020693653805608263,0.9849557058237668
0.020978283786632933,0.9849557058237668
0.020978283786632933,0.985008124967238
0.02190596668775037,0.985008124967238
0.02190596668775037,0.9850605441107092
0.021937592241197554,0.9850605441107092
0.021937592241197554,0.9851129632541804
0.022411975542905332,0.9851129632541804
0.022411975542905332,0.9851653823976516
0.022433059245203456,0.9851653823976516
0.022433059245203456,0.9852178015411228
0.02249631035209783,0.9852178015411228
0.02249631035209783,0.985270220684594
0.022591187012439385,0.985270220684594
0.022591187012439385,0.9853226398280652
0.023023402909550916,0.9853226398280652
0.023023402909550916,0.9853750589715364
0.02332911659287371,0.9853750589715364
0.02332911659287371,0.9854274781150076
0.023497786211258698,0.9854274781150076
0.023497786211258698,0.9854798972584788
0.023592662871600254,0.9854798972584788
0.023592662871600254,0.9855323164019499
0.023645372127345562,0.9855323164019499
0.023645372127345562,0.9855847355454211
0.02370862323423993,0.9855847355454211
0.02370862323423993,0.9856371546888923
0.024056504322158972,0.9856371546888923
0.024056504322158972,0.9856895738323636
0.02476280834914611,0.9856895738323636
0.02476280834914611,0.9857419929758348
0.02482605945604048,0.9857419929758348
0.02482605945604048,0.985794412119306
0.02500527092557453,0.985794412119306
0.02500527092557453,0.9858468312627772
0.0252899009065992,0.9858468312627772
0.0252899009065992,0.9858992504062484
0.025743200506008854,0.9858992504062484
0.025743200506008854,0.9859516695497196
0.02623866751001476,0.9859516695497196
0.02623866751001476,0.9860040886931908
0.026871178578958464,0.9860040886931908
0.026871178578958464,0.986056507836662
0.026934429685852836,0.986056507836662
0.026934429685852836,0.9861089269801332
0.02695551338815096,0.9861089269801332
0.02695551338815096,0.9861613461236043
0.02696605523930002,0.9861613461236043
0.02696605523930002,0.9862137652670755
0.02713472485768501,0.9862137652670755
0.02713472485768501,0.9862661844105467
0.027387729285262494,0.9862661844105467
0.027387729285262494,0.9863186035540179
0.02755639890364748,0.9863186035540179
0.02755639890364748,0.9863710226974891
0.027640733712839975,0.9863710226974891
0.027640733712839975,0.9864234418409603
0.027725068522032468,0.9864234418409603
0.027725068522032468,0.9864758609844315
0.028821421041534893,0.9864758609844315
0.028821421041534893,0.9865282801279027
0.028842504743833017,0.9865282801279027
0.028842504743833017,0.9865806992713739
0.028990090659919882,0.9865806992713739
0.028990090659919882,0.9866331184148451
0.029285262492093612,0.9866331184148451
0.029285262492093612,0.9866855375583163
0.029359055450137044,0.9866855375583163
0.029359055450137044,0.9867379567017875
0.029612059877714526,0.9867379567017875
0.029612059877714526,0.9867903758452586
0.029696394686907022,0.9867903758452586
0.029696394686907022,0.9868427949887298
0.029854522454142947,0.9868427949887298
0.029854522454142947,0.986895214132201
0.030529200927682902,0.986895214132201
0.030529200927682902,0.9869476332756723
0.03063461943917352,0.9869476332756723
0.03063461943917352,0.9870000524191435
0.030655703141471643,0.9870000524191435
0.030655703141471643,0.9870524715626147
0.03105629348513599,0.9870524715626147
0.03105629348513599,0.9871048907060859
0.03113008644317942,0.9871048907060859
0.03113008644317942,0.9871573098495571
0.03145688382880034,0.9871573098495571
0.03145688382880034,0.9872097289930283
0.0321842715580856,0.9872097289930283
0.0321842715580856,0.9872621481364995
0.032679738562091505,0.9872621481364995
0.032679738562091505,0.9873145672799707
0.033090870756904915,0.9873145672799707
0.033090870756904915,0.987419405566913
0.033133038161501156,0.987419405566913
0.033133038161501156,0.9874718247103842
0.03337550073792958,0.9874718247103842
0.03337550073792958,0.9875242438538554
0.034292641787897954,0.9875242438538554
0.034292641787897954,0.9875766629973266
0.03517815728441914,0.9875766629973266
0.03517815728441914,0.9876290821407978
0.035431161711996624,0.9876290821407978
0.035431161711996624,0.987681501284269
0.035547122074636305,0.987681501284269
0.035547122074636305,0.9877339204277402
0.035663082437275985,0.9877339204277402
0.035663082437275985,0.9877863395712114
0.03674889310562935,0.9877863395712114
0.03674889310562935,0.9878387587146826
0.03700189753320683,0.9878387587146826
0.03700189753320683,0.9878911778581538
0.037370862323423994,0.9878911778581538
0.037370862323423994,0.987943597001625
0.037391946025722114,0.987943597001625
0.037391946025722114,0.9879960161450961
0.03759224119755429,0.9879960161450961
0.03759224119755429,0.9880484352885673
0.0378663293274299,0.9880484352885673
0.0378663293274299,0.9881008544320385
0.038446131140628295,0.9881008544320385
0.038446131140628295,0.9881532735755097
0.038509382247522664,0.9881532735755097
0.038509382247522664,0.988205692718981
0.03857263335441703,0.988205692718981
0.03857263335441703,0.9882581118624522
0.03870967741935484,0.9882581118624522
0.03870967741935484,0.9883105310059234
0.04043854100780097,0.9883105310059234
0.04043854100780097,0.9883629501493946
0.0410921357790428,0.9883629501493946
0.0410921357790428,0.9884153692928658
0.041176470588235294,0.9884153692928658
0.041176470588235294,0.988467788436337
0.042230655703141474,0.988467788436337
0.042230655703141474,0.9885202075798082
0.04237824161922834,0.9885202075798082
0.04237824161922834,0.9885726267232794
0.04242040902382458,0.9885726267232794
0.04242040902382458,0.9886250458667505
0.04322158971115328,0.9886250458667505
0.04322158971115328,0.9886774650102217
0.04329538266919671,0.9886774650102217
0.04329538266919671,0.9887298841536929
0.04364326375711575,0.9887298841536929
0.04364326375711575,0.9887823032971641
0.04383301707779886,0.9887823032971641
0.04383301707779886,0.9888347224406353
0.044349567784102886,0.9888347224406353
0.044349567784102886,0.9888871415841065
0.04458148850938225,0.9888871415841065
0.04458148850938225,0.9889395607275777
0.04548808770820156,0.9889395607275777
0.04548808770820156,0.9889919798710489
0.04555133881509593,0.9889919798710489
0.04555133881509593,0.9890443990145201
0.04565675732658655,0.9890443990145201
0.04565675732658655,0.9890968181579913
0.0456989247311828,0.9890968181579913
0.0456989247311828,0.9891492373014625
0.04609951507484714,0.9891492373014625
0.04609951507484714,0.9892016564449337
0.04624710099093401,0.9892016564449337
0.04624710099093401,0.9892540755884048
0.046331435800126504,0.9892540755884048
0.046331435800126504,0.989306494731876
0.047058823529411764,0.989306494731876
0.047058823529411764,0.9893589138753472
0.048545224541429476,0.9893589138753472
0.048545224541429476,0.9894113330188185
0.04896689858739195,0.9894113330188185
0.04896689858739195,0.9894637521622897
0.050094876660341556,0.9894637521622897
0.050094876660341556,0.9895161713057609
0.05104364326375711,0.9895161713057609
0.05104364326375711,0.9895685904492321
0.05118068732869492,0.9895685904492321
0.05118068732869492,0.9896210095927033
0.051233396584440226,0.9896210095927033
0.051233396584440226,0.9896734287361745
0.052825216107948554,0.9896734287361745
0.052825216107948554,0.9897258478796457
0.054311617119966266,0.9897258478796457
0.054311617119966266,0.9897782670231169
0.054585705249841875,0.9897782670231169
0.054585705249841875,0.9898306861665881
0.05589289479232553,0.9898306861665881
0.05589289479232553,0.9898831053100592
0.056683533628505166,0.9898831053100592
0.056683533628505166,0.9899355244535304
0.056704617330803286,0.9899355244535304
0.056704617330803286,0.9899879435970016
0.0567573265865486,0.9899879435970016
0.0567573265865486,0.9900403627404728
0.05720008433480919,0.9900403627404728
0.05720008433480919,0.990092781883944
0.05799072317098883,0.990092781883944
0.05799072317098883,0.9901976201708864
0.05985663082437276,0.9901976201708864
0.05985663082437276,0.9902500393143576
0.06000421674045962,0.9902500393143576
0.06000421674045962,0.9903024584578288
0.06116382036685642,0.9903024584578288
0.06116382036685642,0.9903548776013
0.06312460468058191,0.9903548776013
0.06312460468058191,0.9904072967447712
0.06388361796331436,0.9904072967447712
0.06388361796331436,0.9904597158882423
0.06394686907020873,0.9904597158882423
0.06394686907020873,0.9905121350317135
0.06700400590343665,0.9905121350317135
0.06700400590343665,0.9905645541751847
0.07109424414927261,0.9905645541751847
0.07109424414927261,0.990616973318656
0.0712629137676576,0.990616973318656
0.0712629137676576,0.9906693924621272
0.07299177735610374,0.9906693924621272
0.07299177735610374,0.9907218116055984
0.07355049546700401,0.9907218116055984
0.07355049546700401,0.9907742307490696
0.0739405439595193,0.9907742307490696
0.0739405439595193,0.9908266498925408
0.07395108581066835,0.9908266498925408
0.07395108581066835,0.990879069036012
0.07605945604048071,0.990879069036012
0.07605945604048071,0.9909314881794832
0.07611216529622601,0.9909314881794832
0.07611216529622601,0.9909839073229544
0.07700822264389627,0.9909839073229544
0.07700822264389627,0.9910363264664256
0.07906388361796332,0.9910363264664256
0.07906388361796332,0.9910887456098967
0.07912713472485769,0.9910887456098967
0.07912713472485769,0.9911411647533679
0.08019186169091293,0.9911411647533679
0.08019186169091293,0.9911935838968391
0.08096141682479444,0.9911935838968391
0.08096141682479444,0.9912460030403103
0.08331224963103522,0.9912460030403103
0.08331224963103522,0.9912984221837815
0.08493569470799073,0.9912984221837815
0.08493569470799073,0.9913508413272527
0.08569470799072317,0.9913508413272527
0.08569470799072317,0.9914032604707239
0.08761332489985241,0.9914032604707239
0.08761332489985241,0.9914556796141951
0.08777145266708834,0.9914556796141951
0.08777145266708834,0.9915080987576663
0.08794012228547333,0.9915080987576663
0.08794012228547333,0.9915605179011375
0.08829854522454143,0.9915605179011375
0.08829854522454143,0.9916129370446087
0.08856209150326798,0.9916129370446087
0.08856209150326798,0.9916653561880799
0.0892156862745098,0.9916653561880799
0.0892156862745098,0.991717775331551
0.08946869070208728,0.991717775331551
0.08946869070208728,0.9917701944750222
0.0902382458359688,0.9917701944750222
0.0902382458359688,0.9918226136184934
0.09343242673413452,0.9918226136184934
0.09343242673413452,0.9918750327619646
0.09489774404385411,0.9918750327619646
0.09489774404385411,0.9919274519054359
0.0952034577271769,0.9919274519054359
0.0952034577271769,0.9919798710489071
0.09564621547543749,0.9919798710489071
0.09564621547543749,0.9920322901923783
0.09604680581910184,0.9920322901923783
0.09604680581910184,0.9920847093358495
0.09684798650643053,0.9920847093358495
0.09684798650643053,0.9921371284793207
0.09698503057136833,0.9921371284793207
0.09698503057136833,0.9921895476227919
0.09765970904490828,0.9921895476227919
0.09765970904490828,0.9922419667662631
0.0991988193126713,0.9922419667662631
0.0991988193126713,0.9922943859097343
0.09940965633565255,0.9922943859097343
0.09940965633565255,0.9923468050532054
0.09979970482816783,0.9923468050532054
0.09979970482816783,0.9923992241966766
0.09989458148850938,0.9923992241966766
0.09989458148850938,0.9924516433401478
0.10067467847353995,0.9924516433401478
0.10067467847353995,0.992504062483619
0.10127556398903648,0.992504062483619
0.10127556398903648,0.9925564816270902
0.10132827324478179,0.9925564816270902
0.10132827324478179,0.9926089007705614
0.10261437908496732,0.9926089007705614
0.10261437908496732,0.9926613199140326
0.10275142314990512,0.9926613199140326
0.10275142314990512,0.9927137390575038
0.1041640312038794,0.9927137390575038
0.1041640312038794,0.992766158200975
0.10463841450558718,0.992766158200975
0.10463841450558718,0.9928185773444462
0.10574530887623866,0.9928185773444462
0.10574530887623866,0.9928709964879174
0.10782205355260384,0.9928709964879174
0.10782205355260384,0.9929234156313885
0.10922411975542905,0.9929234156313885
0.10922411975542905,0.9929758347748597
0.1106472696605524,0.9929758347748597
0.1106472696605524,0.9930282539183309
0.11216529622601729,0.9930282539183309
0.11216529622601729,0.9930806730618021
0.1133459835547122,0.9930806730618021
0.1133459835547122,0.9931330922052733
0.11441071052076744,0.9931330922052733
0.11441071052076744,0.9931855113487446
0.11588656968163609,0.9931855113487446
0.11588656968163609,0.9932379304922158
0.11946025722116804,0.9932379304922158
0.11946025722116804,0.993290349635687
0.12069365380560826,0.993290349635687
0.12069365380560826,0.9933427687791582
0.12111532785157074,0.9933427687791582
0.12111532785157074,0.9933951879226294
0.12168458781362007,0.9933951879226294
0.12168458781362007,0.9934476070661006
0.12246468479865065,0.9934476070661006
0.12246468479865065,0.9935000262095718
0.12275985663082438,0.9935000262095718
0.12275985663082438,0.9935524453530429
0.12389837655492304,0.9935524453530429
0.12389837655492304,0.9936048644965141
0.1239089184060721,0.9936048644965141
0.1239089184060721,0.9936572836399853
0.1241302972802024,0.9936572836399853
0.1241302972802024,0.9937097027834565
0.1259224119755429,0.9937097027834565
0.1259224119755429,0.9937621219269277
0.126280834914611,0.9937621219269277
0.126280834914611,0.9938145410703989
0.12640733712839974,0.9938145410703989
0.12640733712839974,0.9938669602138701
0.13338604258907863,0.9938669602138701
0.13338604258907863,0.9939193793573413
0.135494412818891,0.9939193793573413
0.135494412818891,0.9939717985008125
0.13567362428842505,0.9939717985008125
0.13567362428842505,0.9940242176442837
0.1369597301286106,0.9940242176442837
0.1369597301286106,0.9940766367877549
0.13995361585494412,0.9940766367877549
0.13995361585494412,0.9941290559312261
0.14079696394686908,0.9941290559312261
0.14079696394686908,0.9941814750746972
0.1408391313514653,0.9941814750746972
0.1408391313514653,0.9942338942181684
0.1412291798439806,0.9942338942181684
0.1412291798439806,0.9942863133616396
0.14265232974910394,0.9942863133616396
0.14265232974910394,0.9943387325051108
0.14317942230655703,0.9943387325051108
0.14317942230655703,0.994391151648582
0.1437697659709045,0.994391151648582
0.1437697659709045,0.9944435707920533
0.1463314358001265,0.9944435707920533
0.1463314358001265,0.9944959899355245
0.14656335652540586,0.9944959899355245
0.14656335652540586,0.9945484090789957
0.1551022559561459,0.9945484090789957
0.1551022559561459,0.9946008282224669
0.15535526038372338,0.9946008282224669
0.15535526038372338,0.9946532473659381
0.15556609740670463,0.9946532473659381
0.15556609740670463,0.9947056665094093
0.16022559561458993,0.9947056665094093
0.16022559561458993,0.9947580856528805
0.16024667931688805,0.9947580856528805
0.16024667931688805,0.9948105047963516
0.16627661817415137,0.9948105047963516
0.16627661817415137,0.9948629239398228
0.17541640312038795,0.9948629239398228
0.17541640312038795,0.994915343083294
0.17714526670883407,0.994915343083294
0.17714526670883407,0.9949677622267652
0.17857895846510646,0.9949677622267652
0.17857895846510646,0.9950201813702364
0.17994939911448452,0.9950201813702364
0.17994939911448452,0.9950726005137076
0.18027619650010543,0.9950726005137076
0.18027619650010543,0.9951250196571788
0.18453510436432638,0.9951250196571788
0.18453510436432638,0.99517743880065
0.18598987982289691,0.99517743880065
0.18598987982289691,0.9952298579441212
0.18859371705671515,0.9952298579441212
0.18859371705671515,0.9952822770875924
0.1893000210837023,0.9952822770875924
0.1893000210837023,0.9953346962310636
0.1901539110267763,0.9953346962310636
0.1901539110267763,0.9953871153745347
0.19150326797385622,0.9953871153745347
0.19150326797385622,0.9954395345180059
0.1919987349778621,0.9954395345180059
0.1919987349778621,0.9954919536614771
0.1988403963736032,0.9954919536614771
0.1988403963736032,0.9955443728049483
0.20205566097406705,0.9955443728049483
0.20205566097406705,0.9955967919484195
0.2054290533417668,0.9955967919484195
0.2054290533417668,0.9956492110918908
0.20898165717900063,0.9956492110918908
0.20898165717900063,0.995701630235362
0.21231288214210414,0.995701630235362
0.21231288214210414,0.9957540493788332
0.21366223908918405,0.9957540493788332
0.21366223908918405,0.9958064685223044
0.21424204090238247,0.9958064685223044
0.21424204090238247,0.9958588876657756
0.21739405439595194,0.9958588876657756
0.21739405439595194,0.9959113068092468
0.22012439384355892,0.9959113068092468
0.22012439384355892,0.995963725952718
0.22019818680160236,0.995963725952718
0.22019818680160236,0.9960161450961891
0.22116803710731606,0.9960161450961891
0.22116803710731606,0.9960685642396603
0.22240143369175627,0.9960685642396603
0.22240143369175627,0.9961209833831315
0.2294750158127767,0.9961209833831315
0.2294750158127767,0.9961734025266027
0.23039215686274508,0.9961734025266027
0.23039215686274508,0.9962258216700739
0.23142525827535315,0.9962258216700739
0.23142525827535315,0.9962782408135451
0.23420830697870546,0.9962782408135451
0.23420830697870546,0.9963306599570163
0.24214632089394897,0.9963306599570163
0.24214632089394897,0.9963830791004875
0.24411764705882352,0.9963830791004875
0.24411764705882352,0.9964354982439587
0.2556820577693443,0.9964354982439587
0.2556820577693443,0.9964879173874299
0.2572317098882564,0.9964879173874299
0.2572317098882564,0.9965403365309011
0.25754796542272823,0.9965403365309011
0.25754796542272823,0.9965927556743723
0.2586548597933797,0.9965927556743723
0.2586548597933797,0.9966451748178434
0.2599304237824162,0.9966451748178434
0.2599304237824162,0.9966975939613146
0.26074214632089393,0.9966975939613146
0.26074214632089393,0.9967500131047858
0.2633986928104575,0.9967500131047858
0.2633986928104575,0.996802432248257
0.2700822264389627,0.996802432248257
0.2700822264389627,0.9968548513917282
0.27469955724225176,0.9968548513917282
0.27469955724225176,0.9969072705351995
0.27670250896057347,0.9969072705351995
0.27670250896057347,0.9969596896786707
0.2832595403752899,0.9969596896786707
0.2832595403752899,0.9970121088221419
0.2856209150326797,0.9970121088221419
0.2856209150326797,0.9970645279656131
0.29035420619860847,0.9970645279656131
0.29035420619860847,0.9971169471090843
0.29929369597301286,0.9971169471090843
0.29929369597301286,0.9971693662525555
0.2996732026143791,0.9971693662525555
0.2996732026143791,0.9972217853960267
0.30494412818891,0.9972217853960267
0.30494412818891,0.9972742045394978
0.30580855998313305,0.9972742045394978
0.30580855998313305,0.997326623682969
0.31190174994729075,0.997326623682969
0.31190174994729075,0.9973790428264402
0.31275563989036476,0.9973790428264402
0.31275563989036476,0.9974314619699114
0.3145899219903015,0.9974314619699114
0.3145899219903015,0.9974838811133826
0.3152118912080961,0.9974838811133826
0.3152118912080961,0.9975363002568538
0.32118912080961415,0.9975363002568538
0.32118912080961415,0.997588719400325
0.32204301075268815,0.997588719400325
0.32204301075268815,0.9976411385437962
0.3254901960784314,0.9976411385437962
0.3254901960784314,0.9976935576872674
0.32775669407547964,0.9976935576872674
0.32775669407547964,0.9977459768307386
0.3363799283154122,0.9977459768307386
0.3363799283154122,0.9977983959742098
0.3378030782205355,0.9977983959742098
0.3378030782205355,0.9978508151176809
0.34171410499683746,0.9978508151176809
0.34171410499683746,0.9979032342611521
0.34413873076112167,0.9979032342611521
0.34413873076112167,0.9979556534046233
0.3531203879401223,0.9979556534046233
0.3531203879401223,0.9980080725480945
0.3575268817204301,0.9980080725480945
0.3575268817204301,0.9980604916915657
0.361775247733502,0.9980604916915657
0.361775247733502,0.998112910835037
0.3639574109213578,0.998112910835037
0.3639574109213578,0.9981653299785082
0.3704301075268817,0.9981653299785082
0.3704301075268817,0.9982177491219794
0.3754374868226861,0.9982177491219794
0.3754374868226861,0.9982701682654506
0.3775563989036475,0.9982701682654506
0.3775563989036475,0.9983225874089218
0.38412397216951294,0.9983225874089218
0.38412397216951294,0.998375006552393
0.38796120598777145,0.998375006552393
0.38796120598777145,0.9984274256958642
0.39579380139152437,0.9984274256958642
0.39579380139152437,0.9984798448393353
0.39789162977018766,0.9984798448393353
0.39789162977018766,0.9985322639828065
0.40723170988825635,0.9985322639828065
0.40723170988825635,0.9985846831262777
0.4073898376554923,0.9985846831262777
0.4073898376554923,0.9986371022697489
0.4094244149272612,0.9986371022697489
0.4094244149272612,0.9986895214132201
0.4253109846088973,0.9986895214132201
0.4253109846088973,0.9987419405566913
0.42913767657600677,0.9987419405566913
0.42913767657600677,0.9987943597001625
0.43577904279991564,0.9987943597001625
0.43577904279991564,0.9988467788436337
0.4360742146320894,0.9988467788436337
0.4360742146320894,0.9988991979871049
0.43819312671305083,0.9988991979871049
0.43819312671305083,0.9989516171305761
0.46272401433691757,0.9989516171305761
0.46272401433691757,0.9990040362740473
0.4681741513809825,0.9990040362740473
0.4681741513809825,0.9990564554175185
0.46944971537001895,0.9990564554175185
0.46944971537001895,0.9991088745609896
0.47025089605734766,0.9991088745609896
0.47025089605734766,0.9991612937044608
0.4737402487876871,0.9991612937044608
0.4737402487876871,0.999213712847932
0.49223065570314145,0.999213712847932
0.49223065570314145,0.9992661319914032
0.4976702508960573,0.9992661319914032
0.4976702508960573,0.9993185511348744
0.5012650221378874,0.9993185511348744
0.5012650221378874,0.9993709702783456
0.5013071895424837,0.9993709702783456
0.5013071895424837,0.9994233894218169
0.5118912080961416,0.9994233894218169
0.5118912080961416,0.9994758085652881
0.5230550284629981,0.9994758085652881
0.5230550284629981,0.9995282277087593
0.5604891418933164,0.9995282277087593
0.5604891418933164,0.9995806468522305
0.575089605734767,0.9995806468522305
0.575089605734767,0.9996330659957017
0.5833122496310352,0.9996330659957017
0.5833122496310352,0.9996854851391729
0.5838393421884883,0.9996854851391729
0.5838393421884883,0.999737904282644
0.6152435167615433,0.999737904282644
0.6152435167615433,0.9997903234261152
0.6172148429264179,0.9997903234261152
0.6172148429264179,0.9998427425695864
0.6252899009065992,0.9998427425695864
0.6252899009065992,0.9998951617130576
0.7234134514020663,0.9998951617130576
0.7234134514020663,0.9999475808565288
0.7478600042167405,0.9999475808565288
0.7478600042167405,1.0
1.0,1.0
