listingcreationdate,creditgrade,term,loanstatus,closeddate,borrowerapr,borrowerrate,lenderyield,estimatedeffectiveyield,estimatedloss,estimatedreturn,prosperrating_numeric,prosperscore,listingcategory_numeric,borrowerstate,occupation,employmentstatusduration,isborrowerhomeowner,currentlyingroup,groupkey,datecreditpulled,creditscorerangelower,creditscorerangeupper,firstrecordedcreditline,currentcreditlines,opencreditlines,totalcreditlinespast7years,openrevolvingaccounts,openrevolvingmonthlypayment,inquirieslast6months,totalinquiries,currentdelinquencies,amountdelinquent,delinquencieslast7years,publicrecordslast10years,publicrecordslast12months,revolvingcreditbalance,bankcardutilization,availablebankcardcredit,totaltrades,tradesneverdelinquent_percentage,tradesopenedlast6months,debttoincomeratio,incomeverifiable,statedmonthlyincome,totalprosperloans,totalprosperpaymentsbilled,ontimeprosperpayments,prosperpaymentslessthanonemonthlate,prosperpaymentsonemonthpluslate,prosperprincipalborrowed,prosperprincipaloutstanding,scorexchangeattimeoflisting,loancurrentdaysdelinquent,loanfirstdefaultedcyclenumber,loanmonthssinceorigination,loannumber,loanoriginalamount,loanoriginationdate,loanoriginationquarter,monthlyloanpayment,lp_customerpayments,lp_customerprincipalpayments,lp_interestandfees,lp_servicefees,lp_collectionfees,lp_grossprincipalloss,lp_netprincipalloss,lp_nonprincipalrecoverypayments,percentfunded,recommendations,investmentfromfriendscount,investmentfromfriendsamount,investors,loanstatus_clean,target_default,credit_age_months,log_loan_amount,log_monthly_income,income_to_loan_ratio,installment_to_income_ratio,credit_utilization,has_delinquency,rating_AA,rating_B,rating_C,rating_D,rating_E,rating_HR,emp_Full-time,emp_Not available,emp_Not employed,emp_Other,emp_Part-time,emp_Retired,emp_Self-employed,"inc_$1-24,999","inc_$100,000+","inc_$25,000-49,999","inc_$50,000-74,999","inc_$75,000-99,999",inc_Not displayed,inc_Not employed,pred_prob,risk_bucket,pred_flag_threshold_0.10
2010-09-07 18:24:58.580,,36,Chargedoff,2011-05-01,0.38723,0.35,0.34,0.0799,0.24,0.0799,1.0,2.0,1,MI,Analyst,188.0,True,False,,,640.0,659.0,1997-05-30,21.0,13.0,53.0,7,583.0,2.0,9.0,0.0,0.0,0.0,0.0,0.0,15367.0,0.85,1689.0,49.0,1.0,1.0,0.36,True,6833.333333,2.0,33.0,33.0,0.0,0.0,6400.0,0.0,46.0,1166,8.0,42,44629,7500,2010-09-30,Q3 2010,339.27,828.54,243.52,585.02,-12.42,-42.5,7256.48,7256.48,100.0,1.0,0,0,0.0,80,chargedoff,1,161.6,8.922791623969637,8.829714207166164,0.9111111110666666,0.0496420036116491,0.5909090909090909,0,False,False,False,False,False,True,True,False,False,False,False,False,False,False,False,False,False,True,False,False,1.0,medium,1
2008-09-30 11:07:12.693,C,36,Chargedoff,2009-08-09,0.1971,0.1695,0.1595,,,,,,1,OH,Other,9.0,False,False,,2008-09-30 11:06:53.507,640.0,659.0,1993-12-01,5.0,4.0,29.0,3,78.0,1.0,10.0,0.0,0.0,51.0,1.0,0.0,1933.0,0.7,817.0,26.0,0.5,0.0,0.11,True,4916.666667,,,,,,,,,1797,10.0,65,37544,2000,2008-10-08,Q4 2008,71.26,356.3,222.04,134.26,-7.92,0.0,1777.96,1777.96,0.0,1.0,0,0,0.0,43,chargedoff,1,180.56666666666663,7.601402334583733,8.50058944231724,2.4583333335,0.0144906120779169,0.6666666666666666,1,False,False,False,False,False,False,True,False,False,False,False,False,False,False,False,False,True,False,False,False,1.0,medium,1
2011-05-26 13:37:33.577,,36,Chargedoff,2011-11-14,0.30532,0.2699,0.2599,0.2534,0.112,0.1414,3.0,8.0,7,CT,Skilled Labor,196.0,False,False,,,640.0,659.0,1994-03-05,1.0,1.0,29.0,1,17.0,0.0,1.0,0.0,0.0,7.0,1.0,0.0,932.0,0.93,68.0,20.0,0.65,0.0,0.08,True,3500.0,,,,,,,,,969,5.0,33,50232,2500,2011-06-15,Q2 2011,102.05,0.0,0.0,0.0,0.0,0.0,2500.0,2500.0,0.0,1.0,0,0,0.0,51,chargedoff,1,209.7,7.824445930877619,8.160803920954665,1.4,0.029148814624393,0.5,1,False,False,False,True,False,False,False,False,False,False,False,False,False,False,False,True,False,False,False,False,1.0,medium,1
2007-03-12 10:09:53.263,E,36,Chargedoff,2008-01-18,0.30564,0.29,0.28,,,,,,0,TX,Teacher,150.0,True,False,,2007-02-27 12:29:26.633,560.0,579.0,1989-10-23,7.0,6.0,37.0,4,238.0,3.0,10.0,1.0,0.0,35.0,1.0,0.0,3386.0,1.14,31.0,32.0,0.39,1.0,0.53,True,3358.333333,,,,,,,,,2364,10.0,84,8628,4000,2007-03-19,Q1 2007,167.62,872.86,354.46,518.4,-16.33,-11.25,3645.55,3645.54,0.0,1.0,0,0,0.0,41,chargedoff,1,211.63333333333333,8.294299608857235,8.119497820473208,0.83958333325,0.0498968049265624,0.75,1,False,False,False,False,False,False,True,False,False,False,False,False,False,False,False,True,False,False,False,False,1.0,medium,1
2007-04-18 14:11:08.707,A,36,Chargedoff,2009-04-09,0.15462,0.1475,0.1425,,,,,,0,WA,Professional,37.0,False,False,,2007-04-18 13:52:33.870,720.0,739.0,1997-03-17,24.0,20.0,36.0,19,311.0,14.0,23.0,2.0,204.0,0.0,0.0,0.0,2771.0,0.02,97929.0,32.0,0.96,14.0,0.11,True,9202.5,,,,,,,,,1918,23.0,82,14689,25000,2007-05-08,Q2 2007,863.58,15544.44,11108.09,4436.35,-150.4,0.0,13891.91,13891.91,0.0,1.0,0,0,0.0,306,chargedoff,1,122.8,10.12667110305036,9.127339125472776,0.3681,0.0938316944640625,0.8,0,False,False,False,False,False,False,False,False,False,False,False,False,True,False,True,False,False,False,False,False,1.0,medium,1
2007-03-07 10:09:37.587,A,36,Chargedoff,2008-09-11,0.13705,0.13,0.125,,,,,,0,IA,Analyst,108.0,True,False,,2007-03-07 09:44:54.530,740.0,759.0,1993-08-04,5.0,3.0,23.0,2,39.0,0.0,1.0,0.0,0.0,19.0,1.0,1.0,1223.0,0.22,4177.0,19.0,0.63,1.0,0.2,True,3875.0,,,,,,,,,2096,18.0,84,8408,6000,2007-03-13,Q1 2007,202.16,2628.08,1769.09,858.99,-20.98,-165.7641,4230.88,4230.91,202.16,1.0,1,0,0.0,69,chargedoff,1,165.43333333333334,8.699681400989514,8.262558973010657,0.6458333333333334,0.052156862745098,0.5,1,False,False,False,False,False,False,True,False,False,False,False,False,False,False,False,True,False,False,False,False,1.0,medium,1
2008-03-05 10:01:46.090,B,36,Defaulted,2009-09-19,0.16941,0.155,0.145,,,,,,1,WI,Other,19.0,True,False,,2008-03-05 09:18:18.293,680.0,699.0,1999-11-22,2.0,0.0,29.0,0,0.0,0.0,0.0,1.0,0.0,0.0,1.0,0.0,0.0,0.0,0.0,23.0,0.65,0.0,0.11,True,1808.333333,,,,,,,,,589,18.0,72,28600,4000,2008-03-18,Q1 2008,139.64,1800.32,1218.0,582.32,-48.93,-318.85,2782.0,1464.17,847.81,1.0,0,0,0.0,58,defaulted,1,100.86666666666666,8.294299608857235,7.50071373210242,0.45208333325,0.0771775976560754,0.0,0,False,False,False,False,False,False,False,False,False,False,False,False,True,True,False,False,False,False,False,False,1.0,medium,1
2008-01-07 04:27:37.960,A,36,Chargedoff,2008-09-20,0.13915,0.125,0.115,,,,,,3,NC,Engineer - Mechanical,31.0,True,False,,2007-12-24 23:03:00.767,740.0,759.0,2005-05-27,6.0,6.0,7.0,5,196.0,2.0,5.0,0.0,0.0,0.0,0.0,0.0,4157.0,0.0,5900.0,7.0,1.0,2.0,0.14,True,7276.0,,,,,,,,,2118,8.0,74,25701,24000,2008-01-22,Q1 2008,802.89,2408.67,1678.04,730.63,-58.46,0.0,22321.95,22321.96,0.0,1.0,0,0,0.0,580,chargedoff,1,31.83333333333333,10.085850775128716,8.892473968347087,0.3031666666666666,0.1103325546241583,0.8571428571428571,0,False,False,False,False,False,False,True,False,False,False,False,False,False,False,False,False,False,True,False,False,1.0,medium,1
2007-04-12 10:27:19.967,E,36,Chargedoff,2008-05-26,0.24507,0.23,0.22,,,,,,0,CA,Administrative Assistant,44.0,False,True,C9643379247860156A00EC0,2007-04-05 19:46:32.283,560.0,579.0,1985-11-20,9.0,7.0,26.0,6,78.0,5.0,15.0,0.0,0.0,1.0,1.0,0.0,3638.0,0.87,591.0,25.0,0.84,2.0,0.22,True,5900.583333,,,,,,,,,1810,1.0,83,13372,10000,2007-04-26,Q2 2007,387.1,3136.8,1497.58,1639.22,-68.88,-898.92,8518.1,8502.42,5443.07,1.0,0,0,0.0,164,chargedoff,1,260.43333333333334,9.210440366976515,8.68297595541672,0.5900583332999999,0.0655925669701968,0.7,1,False,False,False,False,False,False,True,False,False,False,False,False,False,False,False,False,True,False,False,False,1.0,medium,1
2009-09-09 20:09:15.827,,36,Chargedoff,2012-12-22,0.29926,0.26,0.25,0.179,0.065,0.179,4.0,9.0,1,KY,Executive,104.0,True,False,,,640.0,659.0,1999-04-30,5.0,3.0,24.0,1,98.0,1.0,9.0,0.0,0.0,6.0,3.0,0.0,4859.0,0.0,0.0,14.0,0.71,0.0,0.12,True,5833.333333,,,,,,,,,565,39.0,54,38613,1000,2009-09-22,Q3 2009,40.29,1369.86,922.43,447.43,-17.19,0.0,77.59,77.57,0.0,1.0,0,0,0.0,34,chargedoff,1,126.16666666666669,6.90875477931522,8.671515285065592,5.833333333,0.0069056733135408,0.5,1,False,False,True,False,False,False,True,False,False,False,False,False,False,False,False,False,True,False,False,False,1.0,medium,1
2007-02-04 17:24:27.850,HR,36,Chargedoff,2008-08-08,0.303,0.29,0.285,,,,,,0,,Other,,False,False,,2007-02-03 20:57:08.027,520.0,539.0,1997-10-24,,,20.0,0,0.0,1.0,9.0,14.0,,3.0,0.0,,,,,,,,0.27,True,416.666667,,,,,,,,,2161,18.0,85,7286,1500,2007-02-09,Q1 2007,62.86,817.18,403.08,414.1,-7.14,0.0,1096.92,1096.92,0.0,1.0,0,0,0.0,15,chargedoff,1,113.0,7.313886831633462,6.034683667026044,0.277777778,0.1505027931759754,,1,False,False,False,False,False,False,False,True,False,False,False,False,False,False,False,False,False,False,True,False,1.0,medium,1
2008-02-07 07:41:34.793,AA,36,Chargedoff,2008-12-23,0.11084,0.1039,0.1039,,,,,,1,FL,Professional,30.0,True,False,,2008-02-07 07:27:33.060,760.0,779.0,1994-04-18,4.0,5.0,6.0,5,130.0,0.0,4.0,1.0,11808.0,2.0,0.0,0.0,5420.0,0.04,102675.0,5.0,0.8,0.0,0.06,True,6875.0,,,,,,,,,2026,10.0,73,27699,10000,2008-02-22,Q1 2008,324.51,1592.55,1148.88,443.67,0.0,0.0,8851.12,8851.12,0.0,1.0,0,0,0.0,229,chargedoff,1,168.1,9.210440366976515,8.83579236650274,0.6875,0.0471945898778359,1.0,1,False,False,False,False,False,False,True,False,False,False,False,False,False,False,False,False,False,True,False,False,1.0,medium,1
2010-12-12 02:28:37.647,,36,Chargedoff,2012-08-17,0.33097,0.295,0.285,0.1698,0.108,0.1698,3.0,7.0,3,WA,Food Service Management,2.0,False,False,,,720.0,739.0,2005-08-08,9.0,8.0,21.0,7,93.0,3.0,3.0,0.0,0.0,0.0,0.0,0.0,2847.0,0.26,7953.0,13.0,1.0,1.0,,False,5808.333333,,,,,,,,,692,20.0,39,46024,7500,2010-12-17,Q4 2010,316.34,4730.1,2334.46,2395.64,-81.01,0.0,5165.54,5165.54,0.0,1.0,0,0,0.0,182,chargedoff,1,65.06666666666666,8.922791623969637,8.667221098511844,0.7744444443999999,0.0544537525851763,0.8,0,False,False,False,True,False,False,False,False,False,False,False,False,False,False,False,False,True,False,False,False,1.0,medium,1
2011-10-17 13:24:58.970,,36,Chargedoff,2012-11-26,0.35643,0.3199,0.3099,0.2917,0.165,0.1267,1.0,2.0,1,CT,Teacher,169.0,True,False,,,700.0,719.0,1990-09-01,7.0,7.0,20.0,4,630.0,5.0,12.0,0.0,0.0,0.0,0.0,0.0,36267.0,0.8,8733.0,18.0,1.0,1.0,0.24,True,6250.0,,,,,,,,,499,13.0,29,54996,4000,2011-10-27,Q4 2011,174.2,1393.6,591.14,802.46,-25.07,-176.85,3408.86,3408.86,640.0,1.0,0,0,0.0,9,chargedoff,1,257.2,8.294299608857235,8.740496729931813,1.5625,0.027867541193409,0.875,0,False,False,False,False,False,True,False,False,False,False,False,False,False,False,False,False,False,True,False,False,1.0,medium,1
2008-08-21 13:23:26.287,C,36,Chargedoff,2009-08-29,0.20868,0.1865,0.1765,,,,,,7,OH,Truck Driver,103.0,True,False,,2008-08-16 09:43:28.700,640.0,659.0,1994-10-13,11.0,10.0,23.0,8,173.0,1.0,1.0,0.0,0.0,0.0,0.0,0.0,7750.0,0.54,6783.0,17.0,0.94,3.0,0.36,True,3750.0,,,,,,,,,1777,12.0,67,36102,12000,2008-08-28,Q3 2008,437.75,3064.25,1846.39,1217.86,-65.3,0.0,10153.61,10153.61,0.0,1.0,0,0,0.0,292,chargedoff,1,168.7,9.39274525863144,8.229777750081887,0.3125,0.1167022127432684,0.8333333333333334,0,False,False,False,False,False,False,True,False,False,False,False,False,False,False,False,True,False,False,False,False,1.0,medium,1
2007-05-17 09:52:35.583,D,36,Defaulted,2008-07-29,0.18726,0.18,0.17,,,,,,0,GA,Sales - Commission,1.0,True,True,C80D337515684920818AB06,2007-05-15 09:18:56.150,620.0,639.0,1988-05-28,14.0,11.0,64.0,5,236.0,1.0,16.0,0.0,0.0,5.0,1.0,0.0,5971.0,1.01,0.0,42.0,0.76,3.0,0.63,True,2321.916667,,,,,,,,,954,0.0,82,15440,5000,2007-05-30,Q2 2007,180.76,1625.68,906.7,718.98,-33.36,-571.55,4093.32,4093.3,1800.0,1.0,0,0,0.0,129,defaulted,1,230.9333333333333,8.517393171418904,7.750578859117917,0.4643833334,0.0778159641143941,0.7333333333333333,1,False,False,False,False,False,False,True,False,False,False,False,False,False,False,False,True,False,False,False,False,1.0,medium,1
2010-10-26 00:50:16.540,,36,Chargedoff,2012-02-02,0.38723,0.35,0.34,0.1823,0.142,0.1823,2.0,5.0,1,NY,Other,39.0,False,False,,,660.0,679.0,2007-05-02,5.0,4.0,6.0,4,60.0,0.0,7.0,0.0,0.0,0.0,1.0,0.0,1254.0,0.5,1246.0,6.0,1.0,0.0,0.36,True,666.666667,1.0,10.0,10.0,0.0,0.0,1500.0,1119.76,-28.0,889,15.0,40,45113,4000,2010-11-03,Q4 2010,180.94,1794.4,718.38,1076.02,-30.74,0.0,3281.62,3281.62,0.0,1.0,0,0,0.0,95,chargedoff,1,42.43333333333333,8.294299608857235,6.50378904749696,0.16666666675,0.2710034946225644,0.6666666666666666,0,False,False,False,False,True,False,False,False,False,False,True,False,False,True,False,False,False,False,False,False,1.0,medium,1
2010-06-04 08:01:56.470,,36,Chargedoff,2012-10-17,0.37453,0.35,0.34,0.1773,0.147,0.1773,2.0,6.0,7,NV,Sales - Retail,23.0,False,False,,,620.0,639.0,1996-10-16,9.0,8.0,52.0,7,232.0,1.0,51.0,0.0,0.0,4.0,1.0,0.0,8832.0,0.98,177.0,51.0,0.7,0.0,0.34,True,2083.333333,1.0,20.0,20.0,0.0,0.0,1800.0,985.9,6.0,631,28.0,45,42975,2500,2010-06-17,Q2 2010,113.09,2601.07,1310.92,1290.15,-36.85,0.0,1189.08,1189.08,0.0,1.0,0,0,0.0,34,chargedoff,1,165.96666666666667,7.824445930877619,7.642204338739265,0.8333333332,0.0542571565735258,0.8,1,False,False,False,False,True,False,True,False,False,False,False,False,False,False,False,True,False,False,False,False,1.0,medium,1
2008-06-04 10:35:27.500,C,36,Chargedoff,2011-09-16,0.19906,0.177,0.167,,,,,,1,CA,Engineer - Electrical,312.0,True,False,,2008-06-04 10:27:08.080,640.0,659.0,1996-02-01,6.0,6.0,20.0,3,281.0,1.0,22.0,0.0,0.0,1.0,2.0,0.0,9801.0,0.93,835.0,16.0,0.87,1.0,0.11,True,9500.0,,,,,,,,,1028,39.0,69,32855,7500,2008-06-17,Q2 2008,270.02,9180.68,6970.12,2210.56,-124.89,0.0,529.91,529.88,0.0,1.0,0,0,0.0,188,chargedoff,1,150.23333333333332,8.922791623969637,9.15915233520675,1.2666666666666666,0.0284201662982843,0.8571428571428571,1,False,False,False,False,False,False,True,False,False,False,False,False,False,False,True,False,False,False,False,False,1.0,medium,1
2008-04-17 22:56:12.823,A,36,Chargedoff,2010-07-27,0.1693,0.1549,0.1449,,,,,,1,WA,Police Officer/Correction Officer,20.0,True,True,,2008-04-12 20:40:10.887,720.0,739.0,1994-10-14,16.0,15.0,42.0,9,782.0,1.0,10.0,0.0,0.0,0.0,0.0,0.0,20115.0,0.54,8686.0,27.0,1.0,3.0,0.31,True,10416.666667,,,,,,,,,1443,27.0,71,30160,20000,2008-04-28,Q2 2008,698.12,15363.55,11204.41,4159.14,-267.61,0.0,8795.58,8795.59,0.0,1.0,0,0,0.0,538,chargedoff,1,164.46666666666667,9.90353755128617,9.25125836192073,0.5208333333499999,0.0670130867415284,0.8823529411764706,0,False,False,False,False,False,False,True,False,False,False,False,False,False,False,True,False,False,False,False,False,1.0,medium,1
2010-06-07 09:48:47.573,,36,Chargedoff,2011-07-15,0.37933,0.35,0.34,0.1299,0.19,0.1299,1.0,5.0,1,OR,Postal Service,260.0,False,True,FEF83377364176536637E50,,620.0,639.0,1998-11-10,9.0,8.0,37.0,5,64.0,2.0,8.0,0.0,0.0,4.0,1.0,0.0,1654.0,0.88,46.0,30.0,0.83,3.0,0.16,True,4291.666667,1.0,26.0,11.0,15.0,0.0,3000.0,0.84,82.0,1091,13.0,45,42985,1400,2010-06-15,Q2 2010,63.33,496.64,180.55,316.09,-5.31,0.0,1219.45,1219.45,0.0,1.0,0,0,0.0,8,chargedoff,1,140.9,7.244941546337007,8.364663419507671,3.065476190714286,0.0147530672453212,0.8,1,False,False,False,False,False,True,True,False,False,False,False,False,False,False,False,False,True,False,False,False,1.0,medium,1
2008-01-22 07:15:09.207,HR,36,Chargedoff,2009-06-05,0.36945,0.345,0.335,,,,,,3,NC,Other,22.0,False,True,9BBE337094173775621CD34,2008-01-10 11:01:03.310,520.0,539.0,2002-08-29,0.0,0.0,3.0,0,0.0,3.0,3.0,2.0,503.0,0.0,4.0,0.0,0.0,0.0,0.0,1.0,0.0,0.0,,False,0.0,,,,,,,,,1860,17.0,73,27091,5000,2008-02-04,Q1 2008,224.77,2472.47,1030.97,1441.5,-41.78,0.0,3969.04,3969.03,0.0,1.0,1,1,50.0,5,chargedoff,1,65.73333333333333,8.517393171418904,0.0,0.0,224.77,0.0,0,False,False,False,False,False,False,False,False,False,False,False,False,True,False,False,False,False,False,False,False,1.0,medium,1
2009-11-16 09:51:36.970,,36,Chargedoff,2010-10-24,0.28979,0.2665,0.2565,0.1501,0.1,0.1501,3.0,7.0,3,SC,Analyst,29.0,False,False,,,720.0,739.0,1992-02-24,4.0,4.0,5.0,4,93.0,5.0,6.0,0.0,0.0,0.0,0.0,0.0,1252.0,0.02,42148.0,4.0,0.8,0.0,0.06,True,6583.333333,,,,,,,,,1355,11.0,52,39593,7500,2009-11-24,Q4 2009,304.78,1798.68,831.61,967.07,-35.72,0.0,6668.4,6668.39,0.0,1.0,0,0,0.0,251,chargedoff,1,215.83333333333331,8.922791623969637,8.792448368809266,0.8777777777333333,0.0462886650152528,0.8,0,False,False,False,True,False,False,True,False,False,False,False,False,False,False,False,False,False,True,False,False,1.0,medium,1
2008-05-21 12:22:43.767,HR,36,Chargedoff,2009-01-29,0.32368,0.2999,0.2899,,,,,,1,WI,Skilled Labor,61.0,False,True,783C3371218786870A73D20,2008-05-13 22:06:38.203,520.0,539.0,2003-03-03,3.0,3.0,9.0,0,0.0,21.0,46.0,5.0,1142.0,0.0,1.0,1.0,0.0,0.0,0.0,3.0,0.42,0.0,0.13,True,4491.666667,1.0,15.0,15.0,0.0,0.0,1000.0,639.32,40.0,1989,8.0,70,31806,3000,2008-05-28,Q2 2008,127.34,367.02,112.53,254.49,-8.49,0.0,2887.47,2887.47,0.0,1.0,0,0,0.0,11,chargedoff,1,63.53333333333333,8.006700845440367,8.410201716912248,1.4972222223333336,0.0283439679456637,0.75,0,False,False,False,False,False,False,True,False,False,False,False,False,False,False,False,False,True,False,False,False,1.0,medium,1
2006-10-18 11:35:37.843,C,36,Defaulted,2008-03-30,0.11696,0.11,0.1,,,,,,0,VA,Professional,,False,True,B8A233649839847309BEDB0,,660.0,679.0,1996-06-24,,,4.0,0,0.0,6.0,16.0,0.0,,0.0,1.0,,,,,,,,0.04,True,4166.666667,,,,,,,,,2071,1.0,89,4334,4500,2006-10-31,Q4 2006,147.32,1743.34,1333.84,409.5,-19.51,-686.9,3166.15,2960.49,2083.99,1.0,0,0,0.0,22,defaulted,1,125.6,8.412054873292933,8.33511160590687,0.925925926,0.0353483164012358,,0,False,False,False,False,False,False,False,True,False,False,False,False,False,False,False,False,False,False,True,False,1.0,medium,1
2008-08-01 01:42:00.820,B,36,Defaulted,2010-08-12,0.11293,0.099,0.089,,,,,,7,CA,Sales - Retail,34.0,True,True,8BAB34083705675975C9772,2008-08-01 01:40:12.270,680.0,699.0,1988-08-01,11.0,10.0,19.0,7,434.0,0.0,6.0,1.0,0.0,0.0,0.0,0.0,26535.0,0.57,9189.0,19.0,0.84,0.0,,False,0.0,1.0,7.0,7.0,0.0,0.0,1000.0,724.82,-40.0,574,24.0,67,35292,5000,2008-08-12,Q3 2008,161.1,3227.0,2630.68,596.32,-58.72,0.0,2369.3,2369.32,0.0,1.0,0,0,0.0,66,defaulted,1,243.5,8.517393171418904,0.0,0.0,161.1,0.8333333333333334,0,False,False,False,False,False,False,False,False,False,False,False,False,True,False,False,False,False,False,False,False,1.0,medium,1
2011-11-22 14:13:53.397,,36,Chargedoff,2013-05-22,0.29394,0.2552,0.2452,0.2392,0.119,0.1202,3.0,5.0,1,NY,Construction,155.0,True,False,,,720.0,739.0,1992-04-20,18.0,14.0,37.0,14,331.0,7.0,11.0,0.0,0.0,0.0,0.0,0.0,8477.0,0.59,4444.0,27.0,0.96,0.0,0.15,True,9166.666667,,,,,,,,,414,17.0,26,59180,2000,2012-01-20,Q1 2012,80.07,890.63,430.97,459.66,-17.43,0.0,1569.03,1569.03,0.0,1.0,0,0,0.0,2,chargedoff,1,238.5,7.601402334583733,9.123438079982025,4.5833333335,0.0087339562953592,0.7368421052631579,0,False,False,False,True,False,False,False,False,False,False,False,False,False,False,True,False,False,False,False,False,1.0,medium,1
2007-04-06 23:07:37.940,D,36,Chargedoff,2009-11-24,0.23748,0.23,0.21,,,,,,0,CA,Other,16.0,False,True,B5F93364617561572C32B6D,2007-03-18 21:48:08.060,600.0,619.0,1998-12-04,12.0,10.0,24.0,10,1402.0,3.0,6.0,0.0,0.0,0.0,0.0,0.0,47816.0,0.89,5874.0,23.0,1.0,0.0,0.59,True,3891.666667,,,,,,,,,1688,31.0,83,13475,23500,2007-04-26,Q2 2007,909.68,23511.66,14754.94,8756.72,-324.49,-523.49,8787.08,8745.06,0.0,1.0,0,0,0.0,384,chargedoff,1,101.5,10.064798252418376,8.266849720261005,0.165602836893617,0.2336907004423967,0.7692307692307693,0,False,False,False,False,False,False,True,False,False,False,False,False,False,False,False,False,True,False,False,False,1.0,medium,1
2011-04-22 07:42:13.620,,36,Chargedoff,2012-07-28,0.35643,0.3199,0.3099,0.2917,0.183,0.1087,1.0,5.0,2,NC,Other,167.0,True,False,,,640.0,659.0,2005-06-23,6.0,5.0,10.0,3,209.0,2.0,4.0,1.0,0.0,0.0,1.0,0.0,4581.0,0.76,1419.0,8.0,0.87,1.0,0.21,True,5000.0,,,,,,,,,712,15.0,35,48904,4000,2011-04-28,Q2 2011,174.2,1727.0,682.71,1044.29,-26.3,0.0,3317.29,3317.29,0.0,1.0,0,0,0.0,45,chargedoff,1,70.96666666666667,8.294299608857235,8.517393171418904,1.25,0.0348330333933213,0.7142857142857143,0,False,False,False,False,False,True,False,False,False,False,False,False,False,False,False,False,True,False,False,False,1.0,medium,1
2008-04-14 14:40:04.917,B,36,Defaulted,2009-03-25,0.17193,0.1575,0.1475,,,,,,1,MN,Other,10.0,True,False,,2008-04-14 14:27:06.903,680.0,699.0,1988-04-28,9.0,9.0,44.0,6,381.0,2.0,5.0,2.0,5303.0,10.0,1.0,1.0,8247.0,0.6,2013.0,38.0,0.92,0.0,0.31,True,4583.333333,,,,,,,,,602,12.0,71,29994,6500,2008-04-23,Q2 2008,227.72,1366.32,881.66,484.66,-30.77,0.0,5618.34,5618.34,0.0,1.0,0,0,0.0,128,defaulted,1,243.03333333333333,8.77971129020447,8.430399972373886,0.705128205076923,0.0496735257798061,0.9,1,False,False,False,False,False,False,True,False,False,False,False,False,False,False,False,False,True,False,False,False,1.0,medium,1
2012-05-10 09:13:19.777,,36,Chargedoff,2013-06-19,0.26681,0.2287,0.2187,0.2134,0.099,0.1144,3.0,4.0,3,CA,Other,80.0,False,False,,,620.0,639.0,1987-08-19,8.0,8.0,31.0,6,182.0,1.0,4.0,2.0,180.0,27.0,1.0,0.0,6277.0,0.22,18581.0,29.0,0.75,3.0,,False,7916.666667,1.0,9.0,9.0,0.0,0.0,7500.0,6240.19,-49.0,386,14.0,22,65719,7000,2012-05-17,Q2 2012,270.49,2163.92,1165.28,998.64,-43.66,0.0,5834.72,5834.72,0.0,1.0,0,0,0.0,39,chargedoff,1,301.03333333333336,8.853808274977197,8.976851828649083,1.130952381,0.0341628425868663,0.8888888888888888,1,False,False,False,True,False,False,False,False,False,False,False,False,True,False,False,False,False,True,False,False,1.0,medium,1
,A,36,Chargedoff,2009-11-13,0.18454,0.17,0.16,,,,,,3,GA,Retail Management,19.0,True,False,,2008-06-04 09:18:44.063,740.0,759.0,1994-01-04,6.0,6.0,9.0,4,20.0,2.0,2.0,0.0,0.0,0.0,0.0,0.0,5574.0,0.16,27926.0,9.0,1.0,3.0,0.21,True,5000.0,,,,,,,,,1002,17.0,69,32710,20000,2008-06-12,Q2 2008,713.05,8888.5,4791.02,4097.48,-664.87,-242.76,15208.98,6891.89,8394.91,1.0,0,0,0.0,370,chargedoff,1,,9.90353755128617,8.517393171418904,0.25,0.1425814837032593,0.8571428571428571,0,False,False,False,False,False,False,True,False,False,False,False,False,False,False,False,False,True,False,False,False,1.0,medium,1
2008-05-04 09:35:47.493,C,36,Chargedoff,2010-11-11,0.17322,0.1515,0.1415,,,,,,4,IA,Clerical,74.0,False,False,,2008-05-04 07:44:33.570,640.0,659.0,1988-05-06,6.0,3.0,14.0,1,15.0,2.0,11.0,0.0,0.0,1.0,0.0,0.0,27.0,0.05,473.0,14.0,0.85,1.0,0.3,True,2083.333333,,,,,,,,,1337,30.0,70,30873,3500,2008-05-12,Q2 2008,121.59,3024.75,2237.79,786.96,-51.95,0.0,1262.2,1262.21,0.0,1.0,0,0,0.0,87,chargedoff,1,243.4333333333333,8.160803920954665,7.642204338739265,0.5952380951428572,0.058335199113759,0.4285714285714285,1,False,False,False,False,False,False,True,False,False,False,False,False,False,False,False,True,False,False,False,False,1.0,medium,1
2007-11-16 18:05:54.407,A,36,Chargedoff,2009-04-28,0.14887,0.14,0.13,,,,,,0,CA,Skilled Labor,106.0,True,False,,2007-11-06 19:53:19.300,720.0,739.0,2001-07-27,7.0,6.0,11.0,3,1147.0,6.0,16.0,0.0,0.0,0.0,0.0,0.0,49921.0,0.99,464.0,10.0,1.0,0.0,0.56,True,2916.666667,,,,,,,,,1899,17.0,76,22008,2000,2007-11-27,Q4 2007,68.36,805.32,496.51,308.81,-18.83,-34.86,1503.49,1503.49,0.0,1.0,0,0,0.0,22,chargedoff,1,76.76666666666667,7.601402334583733,7.978539489178575,1.4583333335,0.0234296812494653,0.75,0,False,False,False,False,False,False,True,False,False,False,False,False,False,False,False,True,False,False,False,False,1.0,medium,1
2008-09-11 07:39:59.533,A,36,Chargedoff,2009-10-25,0.20471,0.19,0.18,,,,,,7,NJ,Professional,14.0,True,False,,2008-09-11 07:38:15.987,720.0,739.0,1994-01-24,6.0,4.0,19.0,1,299.0,1.0,20.0,1.0,302.0,9.0,0.0,0.0,9840.0,0.98,160.0,14.0,0.68,1.0,0.18,True,6250.0,,,,,,,,,1720,13.0,66,36996,6500,2008-09-24,Q3 2008,238.26,1906.08,1148.72,757.36,-39.86,0.0,5351.28,5351.28,0.0,1.0,0,0,0.0,160,chargedoff,1,178.13333333333333,8.77971129020447,8.740496729931813,0.9615384615384616,0.0381155015197568,0.5714285714285714,1,False,False,False,False,False,False,True,False,False,False,False,False,False,False,False,False,False,True,False,False,1.0,medium,1
2006-09-13 10:01:07.183,HR,36,Chargedoff,2008-06-20,0.1973,0.19,0.185,,,,,,0,,Clerical,,False,True,F3BE336490588367617A2BA,2006-09-11 11:37:32.560,520.0,539.0,2000-01-18,,,9.0,5,116.0,3.0,16.0,0.0,,2.0,0.0,,,,,,,,0.13,True,3239.583333,,,,,,,,,2210,21.0,90,3364,5000,2006-09-20,Q3 2006,183.28,3002.48,1888.38,1114.1,-22.43,-85.23,3111.63,3111.62,0.0,1.0,0,0,0.0,10,chargedoff,1,81.0,8.517393171418904,8.083508633630313,0.6479166666,0.0565577185235742,,1,False,False,False,False,False,False,False,True,False,False,False,False,False,False,False,False,False,False,True,False,1.0,medium,1
2007-11-12 14:21:32.147,HR,36,Chargedoff,2008-09-18,0.26526,0.25,0.24,,,,,,0,UT,Professional,43.0,False,True,72043366788878145C82141,2007-11-06 13:04:00.063,540.0,559.0,1997-11-12,1.0,1.0,6.0,0,0.0,1.0,3.0,0.0,0.0,0.0,2.0,0.0,0.0,0.0,0.0,4.0,0.4,0.0,0.08,True,2654.166667,1.0,10.0,10.0,0.0,0.0,2500.0,2004.58,0.0,2120,10.0,76,21776,2500,2007-11-20,Q4 2007,99.4,497.0,246.79,250.21,-10.0,0.0,2253.2,2253.21,0.0,1.0,0,0,0.0,82,chargedoff,1,121.73333333333332,7.824445930877619,7.884262706470381,1.0616666668,0.0374364446629293,0.5,0,False,False,False,False,False,False,True,False,False,False,False,False,False,False,False,True,False,False,False,False,1.0,medium,1
2007-09-13 01:13:59.210,E,36,Chargedoff,2009-02-25,0.20037,0.182,0.172,,,,,,0,CA,Professional,175.0,False,False,,2007-09-06 18:53:57.037,560.0,579.0,1999-06-22,4.0,4.0,33.0,4,105.0,5.0,30.0,7.0,1560.0,30.0,5.0,0.0,1196.0,0.95,68.0,23.0,0.72,0.0,0.11,True,3333.333333,,,,,,,,,1963,17.0,78,19509,1000,2007-09-24,Q3 2007,36.25,435.0,280.23,154.77,-8.51,0.0,719.77,719.77,0.0,1.0,0,0,0.0,7,chargedoff,1,100.16666666666669,6.90875477931522,8.112028038217101,3.333333333,0.0108717384795433,0.8,1,False,False,False,False,False,False,True,False,False,False,False,False,False,False,False,True,False,False,False,False,1.0,medium,1
2006-10-19 08:31:48.110,E,36,Chargedoff,2009-01-02,0.29776,0.29,0.285,,,,,,0,TX,Executive,,True,True,F4E13366162858013BE1046,2006-10-19 06:42:59.613,540.0,559.0,2005-07-27,,,13.0,5,126.0,9.0,20.0,2.0,,0.0,0.0,,,,,,,,0.15,True,9833.333333,,,,,,,,,2016,26.0,88,4390,20000,2006-11-01,Q4 2006,838.11,16677.2,8007.95,8669.25,-92.02,-709.8785,11610.55,11992.05,0.0,1.0,0,0,0.0,171,chargedoff,1,14.966666666666669,9.90353755128617,9.193634943370585,0.49166666665,0.0852228586952249,,0,False,False,False,False,False,False,False,True,False,False,False,False,False,False,False,False,False,False,True,False,1.0,medium,1
2007-01-01 14:09:31.697,D,36,Chargedoff,2009-03-12,0.22141,0.214,0.209,,,,,,0,GA,Sales - Retail,,True,False,,2007-01-01 14:00:36.500,600.0,619.0,1995-10-05,,,68.0,6,445.0,12.0,16.0,2.0,,10.0,0.0,,,,,,,,0.54,True,2916.666667,,,,,,,,,1946,27.0,86,6286,3500,2007-01-10,Q1 2007,132.58,2723.86,1618.43,1105.43,-11.98,-245.73,1881.57,1881.57,0.0,1.0,0,0,0.0,100,chargedoff,1,136.86666666666667,8.160803920954665,7.978539489178575,0.8333333334285714,0.0454404204220906,,1,False,False,False,False,False,False,False,True,False,False,False,False,False,False,False,False,False,False,True,False,1.0,medium,1
2008-06-29 23:23:40.157,A,36,Chargedoff,2009-04-09,0.18454,0.17,0.16,,,,,,3,CA,Realtor,68.0,True,False,,2008-06-29 23:13:04.860,720.0,739.0,1995-11-29,14.0,14.0,26.0,9,962.0,4.0,11.0,0.0,0.0,0.0,0.0,0.0,33572.0,0.73,9355.0,24.0,1.0,1.0,,False,0.0,1.0,6.0,6.0,0.0,0.0,7750.0,6725.84,0.0,1918,9.0,68,33852,4800,2008-07-08,Q3 2008,171.13,684.52,418.38,266.14,-15.66,0.0,4381.62,4381.62,0.0,1.0,0,0,0.0,115,chargedoff,1,153.2,8.476579508530941,0.0,0.0,171.13,0.9333333333333332,0,False,False,False,False,False,False,True,False,False,False,False,False,False,False,False,False,False,False,False,False,1.0,medium,1
2010-07-03 12:52:26.700,,36,Chargedoff,2012-09-18,0.24953,0.2268,0.2168,0.1317,0.08,0.1317,4.0,8.0,1,TX,Teacher,107.0,True,False,,,700.0,719.0,1989-07-01,17.0,9.0,47.0,6,448.0,0.0,5.0,0.0,0.0,0.0,0.0,0.0,11432.0,0.92,716.0,39.0,0.89,0.0,0.55,True,4141.666667,,,,,,,,,660,26.0,44,43517,4000,2010-07-19,Q3 2010,154.17,3222.57,1978.56,1244.01,-54.81,0.0,2021.44,2021.44,0.0,1.0,0,0,0.0,81,chargedoff,1,255.7333333333333,8.294299608857235,8.329094981925293,1.0354166667500002,0.0372151593146753,0.5,0,False,False,True,False,False,False,True,False,False,False,False,False,False,False,False,True,False,False,False,False,1.0,medium,1
2011-03-17 06:32:49.767,,12,Chargedoff,2011-10-27,0.16811,0.11,0.1,0.0986,0.0495,0.0491,5.0,8.0,1,CA,Professional,405.0,False,False,,,740.0,759.0,1987-09-01,8.0,6.0,18.0,6,321.0,0.0,2.0,0.0,0.0,0.0,0.0,0.0,14292.0,0.34,27208.0,16.0,1.0,0.0,,False,3333.333333,2.0,48.0,47.0,1.0,0.0,5500.0,1658.16,-22.0,987,6.0,35,48879,3800,2011-04-27,Q2 2011,335.85,335.85,301.49,34.36,-3.12,0.0,3498.51,3498.51,0.0,1.0,0,0,0.0,56,chargedoff,1,286.6,8.24301946898925,8.112028038217101,0.877192982368421,0.1007247825752998,0.6666666666666666,0,False,True,False,False,False,False,False,False,False,False,False,False,True,False,False,True,False,False,False,False,1.0,medium,1
2006-08-05 10:47:57.560,E,36,Chargedoff,2008-09-06,0.29776,0.29,0.285,,,,,,0,,,,False,True,3D4D3366260257624AB272D,2006-08-01 10:16:19.833,540.0,559.0,1995-10-12,,,36.0,1,0.0,7.0,16.0,15.0,,14.0,0.0,,,,,,,,0.03,True,4166.666667,,,,,,,,,2132,25.0,91,2418,3000,2006-08-08,Q3 2006,125.72,2152.24,954.35,1197.89,-12.1,-75.89,1845.34,2045.65,0.0,1.0,0,0,0.0,24,chargedoff,1,131.66666666666666,8.006700845440367,8.33511160590687,1.3888888890000002,0.0301655602631236,,1,False,False,False,False,False,False,False,False,False,False,False,False,False,False,False,False,False,False,True,False,1.0,medium,1
2008-09-26 09:57:28.503,B,36,Chargedoff,2011-06-04,0.23861,0.2169,0.2069,,,,,,1,IL,Administrative Assistant,20.0,True,False,,2008-09-19 09:19:44.083,680.0,699.0,1984-01-07,4.0,5.0,11.0,4,158.0,1.0,1.0,1.0,49.0,0.0,1.0,0.0,4441.0,0.74,1500.0,9.0,0.77,3.0,0.11,True,2916.666667,,,,,,,,,1132,33.0,65,37352,2600,2008-10-02,Q4 2008,98.88,2906.41,2136.22,770.19,-35.53,0.0,463.77,463.78,0.0,1.0,0,0,0.0,46,chargedoff,1,300.96666666666664,7.8636512654486515,7.978539489178575,1.1217948719230768,0.0338900948207597,1.0,0,False,False,False,False,False,False,True,False,False,False,False,False,False,False,False,True,False,False,False,False,1.0,medium,1
2007-08-16 21:20:12.380,E,36,Chargedoff,2008-03-27,0.28951,0.275,0.265,,,,,,0,CA,Car Dealer,9.0,False,False,,2007-08-06 18:25:48.983,580.0,599.0,2002-04-03,3.0,3.0,4.0,2,11.0,3.0,8.0,0.0,0.0,0.0,0.0,0.0,24890.0,0.83,4793.0,4.0,0.75,1.0,0.23,True,2166.666667,,,,,,,,,2295,7.0,79,18351,4000,2007-08-27,Q3 2007,164.38,313.76,98.97,214.79,-7.81,0.0,3901.03,3901.03,0.0,1.0,1,0,0.0,51,chargedoff,1,65.36666666666666,8.294299608857235,7.681406599354817,0.54166666675,0.0758326925917526,0.75,0,False,False,False,False,False,False,True,False,False,False,False,False,False,False,False,True,False,False,False,False,1.0,medium,1
2007-02-06 07:34:51.910,HR,36,Chargedoff,2007-10-14,0.30218,0.29,0.275,,,,,,0,IL,Clerical,,True,True,CD0E3364909037313F32874,2007-02-05 20:25:23.510,500.0,519.0,1998-11-10,,,18.0,0,0.0,9.0,15.0,12.0,,13.0,2.0,,,,,,,,0.63,True,2083.333333,,,,,,,,,2460,8.0,85,7459,1600,2007-02-15,Q1 2007,67.05,192.31,84.99,107.32,-1.91,0.0,1515.0,1515.01,0.0,1.0,0,0,0.0,16,chargedoff,1,100.33333333333331,7.378383712996714,7.642204338739265,1.302083333125,0.0321685590967805,,1,False,False,False,False,False,False,False,True,False,False,False,False,False,False,False,False,False,False,True,False,1.0,medium,1
2006-10-25 17:34:06.540,A,36,Defaulted,2009-06-08,0.10592,0.099,0.094,,,,,,0,,Professional,,True,True,E37B3365357900652F8BF9E,2006-10-25 17:10:04.440,720.0,739.0,1985-08-01,,,33.0,3,136.0,11.0,34.0,0.0,,0.0,0.0,,,,,,,,0.09,True,11675.0,,,,,,,,,1277,32.0,88,4483,15000,2006-11-07,Q4 2006,483.3,12669.56,10489.77,2179.79,-110.08,0.0,4510.24,4510.23,0.0,1.0,0,0,0.0,261,defaulted,1,258.5,9.61587214452889,9.365290731974005,0.7783333333333333,0.0413926002055498,,0,False,False,False,False,False,False,False,True,False,False,False,False,False,False,False,False,False,False,True,False,1.0,medium,1
2008-07-20 19:40:05.493,E,36,Chargedoff,2009-01-30,0.27306,0.25,0.24,,,,,,1,AZ,Sales - Retail,6.0,False,False,,2008-07-10 10:56:55.570,560.0,579.0,1994-07-11,11.0,9.0,64.0,7,569.0,31.0,109.0,1.0,230.0,2.0,0.0,0.0,17529.0,0.46,20036.0,51.0,0.88,3.0,0.16,True,5500.0,3.0,12.0,11.0,1.0,0.0,4500.0,0.0,0.0,1988,6.0,68,34734,1995,2008-07-29,Q3 2008,79.32,79.32,36.96,42.36,-1.69,0.0,1958.04,1958.04,0.0,1.0,0,0,0.0,64,chargedoff,1,170.76666666666668,7.59890045687141,8.612685172875459,2.756892230576441,0.0144191965097255,0.75,1,False,False,False,False,False,False,True,False,False,False,False,False,False,False,False,False,True,False,False,False,1.0,medium,1
2007-07-22 15:27:11.933,B,36,Chargedoff,2010-06-08,0.15713,0.15,0.14,,,,,,0,NC,Realtor,42.0,True,True,69C73385022369992B2B594,2007-07-22 14:58:23.053,700.0,719.0,1994-03-16,16.0,16.0,30.0,13,1027.0,1.0,1.0,0.0,0.0,1.0,0.0,0.0,55225.0,0.83,10298.0,27.0,0.96,0.0,0.47,True,5166.666667,,,,,,,,,1492,35.0,79,17739,6000,2007-08-07,Q3 2007,207.99,6031.71,4610.24,1421.47,-94.76,0.0,1389.76,1389.76,0.0,1.0,0,0,0.0,118,chargedoff,1,162.53333333333333,8.699681400989514,8.550176543962756,0.8611111111666667,0.040248339028559,0.9411764705882352,1,False,False,False,False,False,False,False,False,False,False,False,False,True,False,False,False,True,False,False,False,1.0,medium,1
2007-11-05 10:56:05.663,A,36,Chargedoff,2009-02-16,0.13705,0.13,0.12,,,,,,0,GA,Sales - Commission,154.0,True,False,,2007-11-05 10:32:32.613,720.0,739.0,1982-05-01,13.0,9.0,25.0,8,563.0,0.0,2.0,0.0,0.0,0.0,0.0,0.0,38378.0,0.81,8687.0,23.0,1.0,1.0,0.35,True,2083.333333,,,,,,,,,1972,15.0,76,21692,10000,2007-11-15,Q4 2007,336.94,3369.4,2398.56,970.84,-74.69,0.0,7601.44,7601.44,0.0,1.0,0,0,0.0,192,chargedoff,1,310.6333333333333,9.210440366976515,7.642204338739265,0.2083333333,0.161653606294843,0.6428571428571429,0,False,False,False,False,False,False,False,False,False,False,False,False,True,False,False,True,False,False,False,False,1.0,medium,1
2007-05-28 05:46:17.823,C,36,Chargedoff,2008-08-30,0.24753,0.24,0.225,,,,,,0,MN,Other,136.0,True,True,FF9133753099000515A8234,2007-05-28 05:36:21.623,640.0,659.0,1992-07-17,12.0,10.0,40.0,4,118.0,13.0,20.0,2.0,635.0,14.0,0.0,0.0,2313.0,0.73,108.0,33.0,0.64,1.0,0.22,True,8411.833333,,,,,,,,,2078,15.0,81,15595,9500,2007-06-01,Q2 2007,372.71,3828.69,1306.35,2522.34,-45.29,-379.77,8193.62,7881.63,681.86,1.0,0,0,0.0,99,chargedoff,1,180.9333333333333,9.15915233520675,9.037513596704397,0.8854561403157896,0.044302553640046,0.7692307692307693,1,False,False,False,False,False,False,True,False,False,False,False,False,False,False,False,False,False,True,False,False,1.0,medium,1
2012-06-05 14:27:23.647,,36,Chargedoff,2012-12-08,0.33553,0.2958,0.2858,0.2727,0.147,0.1257,2.0,6.0,7,GA,Accountant/CPA,117.0,False,False,,,660.0,679.0,2001-04-28,11.0,9.0,23.0,8,138.0,3.0,3.0,0.0,0.0,3.0,0.0,0.0,2138.0,0.05,33982.0,20.0,0.6,1.0,0.35,True,3250.0,,,,,,,,,579,6.0,21,67600,4000,2012-06-08,Q2 2012,168.89,168.89,71.64,97.25,-3.29,0.0,3928.36,3928.36,0.0,1.0,0,0,0.0,11,chargedoff,1,135.2,8.294299608857235,8.086717920303906,0.8125,0.0519501691787142,0.75,1,False,False,False,False,True,False,False,False,False,False,False,False,False,False,False,True,False,False,False,False,1.0,medium,1
2012-06-08 14:51:19.073,,60,Chargedoff,2013-02-12,0.27462,0.2489,0.2389,0.2332,0.089,0.1442,4.0,7.0,18,MN,Laborer,166.0,True,False,,,680.0,699.0,1998-08-27,17.0,15.0,29.0,11,1043.0,0.0,2.0,0.0,0.0,0.0,0.0,0.0,26085.0,0.55,10975.0,26.0,0.96,2.0,0.43,True,5416.666667,,,,,,,,,513,8.0,21,67856,7000,2012-06-13,Q2 2012,205.01,615.03,179.72,435.31,-17.48,0.0,6820.28,6820.28,0.0,1.0,0,0,0.0,152,chargedoff,1,167.8,8.853808274977197,8.597420497496593,0.773809523857143,0.037841013964324,0.8333333333333334,0,False,False,True,False,False,False,False,False,False,False,False,False,False,False,False,False,True,False,False,False,1.0,medium,1
2007-07-13 13:39:20.487,HR,36,Chargedoff,2008-05-24,0.30564,0.29,0.28,,,,,,0,NC,Administrative Assistant,17.0,False,False,,2007-06-27 12:37:47.503,520.0,539.0,2001-09-20,1.0,1.0,15.0,0,0.0,5.0,11.0,3.0,908.0,0.0,1.0,0.0,0.0,0.0,0.0,7.0,0.33,0.0,0.08,True,1906.5,,,,,,,,,2237,10.0,80,17191,1500,2007-07-24,Q3 2007,62.86,281.44,69.36,212.08,-5.16,-11.25,1430.66,1430.64,0.0,1.0,0,0,0.0,19,chargedoff,1,70.73333333333333,7.313886831633462,7.553548763158612,1.271,0.0329541284403669,0.5,0,False,False,False,False,False,False,True,False,False,False,False,False,False,True,False,False,False,False,False,False,1.0,medium,1
2006-08-27 15:26:07.623,HR,36,Chargedoff,2008-11-04,0.28887,0.2695,0.2645,,,,,,0,,Other,,True,True,6A3B336601725506917317E,2006-08-09 18:14:42.013,360.0,379.0,1984-11-27,,,36.0,2,290.0,2.0,13.0,2.0,,24.0,1.0,,,,,,,,0.19,True,6000.0,,,,,,,,,2073,26.0,90,3051,1000,2006-09-06,Q3 2006,40.8,836.8,451.66,385.14,-6.97,0.0,548.3,548.34,0.0,1.0,0,0,0.0,23,chargedoff,1,264.76666666666665,6.90875477931522,8.699681400989514,6.0,0.006798866855524,,1,False,False,False,False,False,False,False,True,False,False,False,False,False,False,False,False,False,False,True,False,1.0,medium,1
2008-03-03 18:01:59.477,B,36,Chargedoff,2010-11-16,0.1922,0.1776,0.1676,,,,,,3,MD,Nurse (RN),46.0,True,False,,2008-03-03 17:48:41.837,680.0,699.0,1988-10-01,17.0,10.0,41.0,4,286.0,0.0,14.0,0.0,0.0,0.0,0.0,0.0,12558.0,0.64,1259.0,29.0,0.86,0.0,0.59,True,4916.666667,,,,,,,,,1332,32.0,72,28528,15000,2008-03-17,Q1 2008,540.48,14592.96,10107.89,4485.07,-241.89,-183.76,4896.04,4892.11,0.0,1.0,0,0,0.0,223,chargedoff,1,236.4333333333333,9.61587214452889,8.50058944231724,0.3277777778,0.1099057818674231,0.5555555555555556,0,False,False,False,False,False,False,True,False,False,False,False,False,False,False,False,False,True,False,False,False,1.0,medium,1
2008-02-07 07:09:58.010,E,36,Defaulted,2010-07-18,0.22186,0.1995,0.1895,,,,,,6,NC,Retail Management,51.0,False,False,,2008-02-06 10:46:53.097,580.0,599.0,2007-03-02,2.0,2.0,2.0,2,30.0,1.0,2.0,0.0,0.0,0.0,0.0,0.0,833.0,0.9,75.0,2.0,1.0,1.0,0.14,True,1041.666667,,,,,,,,,402,29.0,73,27497,3000,2008-02-19,Q1 2008,111.41,2613.84,1683.69,930.15,-45.51,-467.98,1311.85,50.38,227.2,1.0,0,0,0.0,141,defaulted,1,11.4,8.006700845440367,6.949536813316785,0.3472222223333333,0.1068510229837432,0.6666666666666666,0,False,False,False,False,False,False,False,False,False,False,True,False,False,True,False,False,False,False,False,False,1.0,medium,1
2010-07-20 06:57:39.497,,36,Chargedoff,2010-12-27,0.22135,0.199,0.189,0.1196,0.065,0.1196,4.0,9.0,7,FL,Food Service,13.0,False,False,,,640.0,659.0,2006-06-06,5.0,4.0,16.0,4,39.0,0.0,2.0,0.0,0.0,0.0,0.0,0.0,1176.0,0.35,2124.0,6.0,0.83,0.0,0.13,True,1375.0,,,,,,,,,1291,5.0,44,43687,2000,2010-07-27,Q3 2010,74.23,0.0,0.0,0.0,0.0,0.0,2000.0,2000.0,0.0,1.0,0,0,0.0,52,chargedoff,1,50.16666666666666,7.601402334583733,7.226936018493289,0.6875,0.0539462209302325,0.6666666666666666,0,False,False,True,False,False,False,True,False,False,False,False,False,False,True,False,False,False,False,False,False,1.0,medium,1
2007-03-23 20:21:06.190,HR,36,Chargedoff,2007-12-28,0.30564,0.29,0.26,,,,,,0,TX,Sales - Retail,84.0,False,True,B0473364376920128370B13,2007-03-08 15:19:01.073,520.0,539.0,2001-05-01,3.0,3.0,34.0,1,30.0,7.0,16.0,30.0,5746.0,0.0,0.0,0.0,273.0,0.91,27.0,6.0,0.09,1.0,0.13,True,3500.0,,,,,,,,,2385,9.0,84,9443,1500,2007-03-29,Q1 2007,62.86,226.59,93.66,132.93,-4.92,0.0,1406.35,1406.34,0.0,1.0,0,0,0.0,6,chargedoff,1,71.73333333333333,7.313886831633462,8.160803920954665,2.333333333333333,0.0179548700371322,0.75,0,False,False,False,False,False,False,True,False,False,False,False,False,False,False,False,True,False,False,False,False,1.0,medium,1
2007-09-29 12:49:32.853,B,36,Chargedoff,2008-12-16,0.18324,0.176,0.166,,,,,,0,GA,Clerical,17.0,True,True,D17D33657642555850349EB,2007-09-13 06:18:49.310,680.0,699.0,1997-10-24,13.0,11.0,37.0,7,69.0,5.0,36.0,0.0,0.0,0.0,0.0,0.0,2376.0,0.04,15223.0,27.0,1.0,1.0,0.56,True,2737.083333,,,,,,,,,2033,14.0,77,20777,25000,2007-10-15,Q4 2007,898.8,8059.2,5033.75,3025.45,-171.88,0.0,19966.25,19966.25,0.0,1.0,0,0,0.0,294,chargedoff,1,120.9,10.12667110305036,7.91501344110474,0.10948333332,0.3282588185565643,0.7857142857142857,0,False,False,False,False,False,False,True,False,False,False,False,False,False,False,False,True,False,False,False,False,1.0,medium,1
2007-05-24 06:30:02.387,B,36,Chargedoff,2009-10-01,0.15713,0.15,0.14,,,,,,0,MI,Teacher,45.0,True,False,,2007-05-12 11:48:36.227,700.0,719.0,1989-06-01,14.0,10.0,55.0,7,245.0,10.0,14.0,0.0,0.0,0.0,0.0,0.0,7679.0,0.24,19733.0,37.0,0.97,2.0,0.42,True,4583.333333,,,,,,,,,1499,1.0,82,15564,5000,2007-05-31,Q2 2007,173.33,3958.27,2488.08,1470.19,-52.88,-597.62,2511.92,2511.92,1500.0,1.0,0,0,0.0,54,chargedoff,1,218.86666666666667,8.517393171418904,8.430399972373886,0.9166666666,0.0378092052670551,0.6666666666666666,0,False,False,False,False,False,False,True,False,False,False,False,False,False,False,False,False,True,False,False,False,1.0,medium,1
2006-12-26 10:31:17.127,D,36,Chargedoff,2008-01-16,0.20735,0.2,0.195,,,,,,0,,Professional,,True,True,FE113364863511529673D04,2006-12-26 10:10:47.487,620.0,639.0,1991-05-01,,,40.0,9,345.0,2.0,6.0,0.0,,3.0,1.0,,,,,,,,0.42,True,3325.0,,,,,,,,,2366,12.0,86,6506,16000,2007-01-17,Q1 2007,594.62,4302.34,2151.56,2150.78,-42.49,-89.19,13848.43,13848.44,0.0,1.0,0,0,0.0,152,chargedoff,1,190.6,9.680406499268877,8.109525659752872,0.2078125,0.1787793144918821,,1,False,False,False,False,False,False,False,True,False,False,False,False,False,False,False,False,False,False,True,False,1.0,medium,1
2008-06-12 10:46:20.997,E,36,Chargedoff,2009-07-25,0.28138,0.2582,0.2482,,,,,,4,IA,Other,51.0,True,False,,2008-06-06 12:40:38.007,560.0,579.0,1990-11-05,13.0,13.0,35.0,10,269.0,3.0,9.0,0.0,0.0,12.0,2.0,0.0,6140.0,0.9,750.0,28.0,0.61,4.0,0.2,True,3083.166667,,,,,,,,,1781,14.0,69,33230,1800,2008-06-24,Q2 2008,72.35,576.45,166.41,410.04,-15.4,-83.2,1633.59,1633.59,100.0,1.0,0,0,0.0,50,chargedoff,1,214.3,7.496097345175956,8.03403677570028,1.7128703705555557,0.0234585247205124,0.9285714285714286,1,False,False,False,False,False,False,True,False,False,False,False,False,False,False,False,True,False,False,False,False,1.0,medium,1
2011-08-27 18:03:17.527,,36,Chargedoff,2012-07-31,0.30532,0.2699,0.2599,0.2534,0.112,0.1414,3.0,5.0,2,NV,Other,43.0,True,False,,,820.0,839.0,1987-02-01,6.0,6.0,9.0,6,172.0,1.0,3.0,0.0,0.0,0.0,0.0,0.0,8298.0,0.26,21943.0,9.0,1.0,0.0,,False,8333.333333,,,,,,,,,587,11.0,31,52930,10000,2011-08-31,Q3 2011,408.2,2456.41,927.24,1529.17,-65.32,-362.48,9072.76,8315.31,919.78,1.0,0,0,0.0,38,chargedoff,1,299.1,9.210440366976515,9.02813880794281,0.8333333333,0.0489781226272438,0.8571428571428571,0,False,False,False,True,False,False,False,False,False,False,False,False,True,False,True,False,False,False,False,False,1.0,medium,1
2006-06-22 12:04:17.483,HR,36,Chargedoff,2008-12-06,0.29525,0.2875,0.245,,,,,,0,,,,False,True,A48C336490143957101528C,2006-06-12 07:54:08.553,520.0,539.0,2000-10-03,,,9.0,0,0.0,3.0,5.0,8.0,,8.0,0.0,,,,,,,,0.03,True,3500.0,,,,,,,,,2043,29.0,92,1721,2500,2006-07-05,Q3 2006,104.42,2364.26,1418.78,945.48,-18.9,0.0,1081.21,1081.22,0.0,1.0,0,0,0.0,22,chargedoff,1,69.6,7.824445930877619,8.160803920954665,1.4,0.0298257640674093,,1,False,False,False,False,False,False,False,False,False,False,False,False,False,False,False,False,False,False,True,False,1.0,medium,1
2011-08-28 16:21:43.057,,36,Chargedoff,2012-03-31,0.35643,0.3199,0.3099,0.2957,0.147,0.1487,2.0,4.0,1,WA,Nurse (RN),74.0,False,False,,,700.0,719.0,1988-08-01,16.0,14.0,40.0,12,796.0,3.0,4.0,0.0,0.0,0.0,0.0,0.0,21005.0,0.72,6015.0,37.0,0.97,2.0,0.27,True,6250.0,,,,,,,,,831,7.0,31,52931,7500,2011-08-31,Q3 2011,326.62,653.24,255.78,397.46,-12.42,0.0,7244.22,7244.22,0.0,1.0,0,0,0.0,9,chargedoff,1,280.9,8.922791623969637,8.740496729931813,0.8333333333333334,0.0522508398656215,0.8235294117647058,0,False,False,False,False,True,False,False,False,False,False,False,False,False,False,False,False,False,True,False,False,1.0,medium,1
,E,36,Chargedoff,2010-03-10,0.20421,0.1895,0.1795,,,,,,1,IL,Food Service Management,193.0,True,True,B7BA33816687475120A8407,2007-12-23 11:58:02.563,560.0,579.0,1992-03-01,18.0,17.0,38.0,13,739.0,7.0,18.0,0.0,0.0,8.0,2.0,0.0,23493.0,0.7,4259.0,31.0,0.7,7.0,0.36,True,7416.666667,1.0,6.0,6.0,0.0,0.0,25000.0,21862.26,-80.0,1583,27.0,74,24554,2932,2008-01-08,Q1 2008,107.4,2225.4,1466.64,758.76,-40.04,0.0,1465.36,1465.36,0.0,1.0,1,0,0.0,91,chargedoff,1,,7.983781068977451,8.911619821342944,2.529558890518417,0.0144789466582268,0.8947368421052632,1,False,False,False,False,False,False,True,False,False,False,False,False,False,False,False,False,False,True,False,False,1.0,medium,1
2012-04-17 11:58:52.270,,36,Chargedoff,2013-03-22,0.26681,0.2287,0.2187,0.2134,0.099,0.1144,3.0,2.0,3,CO,Truck Driver,29.0,True,False,,,680.0,699.0,1993-10-26,9.0,7.0,21.0,1,699.0,0.0,0.0,0.0,0.0,0.0,0.0,0.0,28228.0,0.98,502.0,18.0,0.77,0.0,,False,5000.0,1.0,29.0,28.0,1.0,0.0,15000.0,3813.03,-94.0,384,12.0,23,63925,15000,2012-04-19,Q2 2012,579.63,3968.89,1119.05,2849.84,-49.41,-813.65,13880.95,13880.95,1600.0,1.0,0,0,0.0,21,chargedoff,1,224.9333333333333,9.61587214452889,8.517393171418904,0.3333333333333333,0.1159028194361127,0.7,0,False,False,False,True,False,False,False,False,False,False,False,False,True,False,False,False,True,False,False,False,1.0,medium,1
2011-08-16 20:24:41.713,,36,Chargedoff,2012-04-01,0.30532,0.2699,0.2599,0.2534,0.112,0.1414,3.0,6.0,6,WI,Sales - Commission,1.0,False,False,,,640.0,659.0,2003-05-05,4.0,4.0,40.0,3,58.0,2.0,5.0,1.0,0.0,7.0,0.0,0.0,2130.0,0.64,1079.0,21.0,0.81,0.0,,False,2666.666667,,,,,,,,,831,8.0,31,52871,2000,2011-08-31,Q3 2011,81.64,176.64,37.27,139.37,-1.64,-18.7,1962.73,1962.73,0.0,1.0,0,0,0.0,27,chargedoff,1,100.83333333333331,7.601402334583733,7.888959461823889,1.3333333335,0.0306035236747965,0.8,1,False,False,False,True,False,False,False,False,False,False,False,False,False,False,False,True,False,False,False,False,1.0,medium,1
2012-01-11 15:43:17.020,,60,Chargedoff,2013-02-16,0.3268,0.2997,0.2897,0.2824,0.119,0.1634,3.0,5.0,1,PA,Other,87.0,True,False,,,760.0,779.0,1967-02-01,14.0,14.0,24.0,11,782.0,1.0,8.0,0.0,0.0,0.0,0.0,0.0,25281.0,0.42,33359.0,22.0,1.0,0.0,,False,0.0,,,,,,,,,509,13.0,26,58938,10000,2012-01-17,Q1 2012,323.35,2571.8,621.17,1950.63,-53.86,0.0,9378.83,9378.83,0.0,1.0,0,0,0.0,1,chargedoff,1,547.1666666666666,9.210440366976515,0.0,0.0,323.35,0.9333333333333332,0,False,False,False,True,False,False,False,False,True,False,False,False,False,False,False,False,False,False,False,True,1.0,medium,1
2011-03-21 10:29:23.393,,60,Chargedoff,2013-05-14,0.09816,0.096,0.086,0.0859,0.0155,0.0704,7.0,10.0,1,NC,Laborer,163.0,True,False,,,780.0,799.0,1997-12-23,8.0,7.0,32.0,4,669.0,1.0,1.0,0.0,0.0,0.0,0.0,0.0,5355.0,0.04,57230.0,30.0,1.0,1.0,0.15,True,7500.0,,,,,,,,,422,26.0,35,48468,17669,2011-04-12,Q2 2011,371.95,7439.0,6086.29,1352.71,-140.91,0.0,11582.84,11582.84,75.15,0.7067,0,0,0.0,221,chargedoff,1,161.2,9.779623565313742,8.922791623969637,0.4244722395155357,0.0495867217704306,0.7777777777777778,0,True,False,False,False,False,False,False,False,False,False,False,False,False,False,False,False,False,True,False,False,1.0,medium,1
2007-12-13 13:54:51.530,E,36,Chargedoff,2009-01-22,0.36623,0.35,0.34,,,,,,1,MO,Other,26.0,True,False,,2007-11-18 16:38:03.087,580.0,599.0,1995-06-20,15.0,13.0,21.0,9,160.0,20.0,23.0,0.0,0.0,2.0,1.0,0.0,2513.0,1.02,165.0,21.0,0.9,15.0,0.33,True,1289.0,,,,,,,,,1996,13.0,75,23955,2100,2007-12-21,Q4 2007,95.0,715.0,226.38,488.62,-13.96,0.0,1873.62,1873.62,0.0,1.0,0,0,0.0,25,chargedoff,1,151.96666666666667,7.650168700845001,7.162397497355718,0.6138095238095238,0.0736434108527131,0.8125,1,False,False,False,False,False,False,False,False,True,False,False,False,False,False,False,False,False,False,False,True,1.0,medium,1
2010-09-20 13:47:11.077,,36,Chargedoff,2011-12-28,0.38058,0.3435,0.3335,0.1761,0.142,0.1761,2.0,5.0,1,IL,Sales - Commission,73.0,True,False,,,660.0,679.0,1990-10-01,21.0,19.0,50.0,16,2141.0,1.0,3.0,0.0,0.0,0.0,0.0,0.0,99252.0,0.98,2113.0,47.0,1.0,1.0,0.33,True,10333.333333,1.0,9.0,9.0,0.0,0.0,5450.0,4491.17,16.0,833,15.0,42,44566,4500,2010-09-28,Q3 2010,201.91,2194.1,832.14,1361.96,-34.42,-117.86,3667.86,3667.86,503.23,1.0,0,0,0.0,125,chargedoff,1,243.13333333333333,8.412054873292933,9.243226964278149,2.296296296222222,0.0195377866664367,0.8636363636363636,0,False,False,False,False,True,False,True,False,False,False,False,False,False,False,True,False,False,False,False,False,1.0,medium,1
2012-05-22 11:23:54.550,,36,Chargedoff,2013-02-25,0.33973,0.2999,0.2899,0.2766,0.149,0.1276,2.0,1.0,2,VA,Administrative Assistant,63.0,True,False,,,620.0,639.0,1998-01-22,14.0,13.0,39.0,8,267.0,6.0,18.0,0.0,0.0,6.0,8.0,0.0,5460.0,0.93,233.0,24.0,0.91,3.0,0.28,True,4333.333333,1.0,9.0,9.0,0.0,0.0,6395.25,5242.32,-19.0,409,9.0,22,66797,3750,2012-05-25,Q2 2012,159.17,697.51,198.96,498.55,-9.28,-113.77,3551.04,3551.04,481.0,1.0,0,0,0.0,49,chargedoff,1,174.46666666666667,8.229777750081887,8.374323090306305,1.1555555554666666,0.036723063911153,0.8666666666666667,1,False,False,False,False,True,False,False,False,False,False,False,False,False,False,False,False,True,False,False,False,1.0,medium,1
2007-05-02 09:40:12.967,C,36,Chargedoff,2008-05-14,0.29776,0.29,0.265,,,,,,0,CA,Fireman,170.0,False,True,9BBE337094173775621CD34,2007-04-24 12:12:26.307,640.0,659.0,1987-10-30,10.0,6.0,36.0,1,29.0,4.0,22.0,3.0,869.0,39.0,0.0,0.0,334.0,0.66,166.0,30.0,0.7,4.0,0.27,True,7083.333333,,,,,,,,,2216,12.0,82,14880,20000,2007-05-14,Q2 2007,838.11,5638.17,2517.29,3120.88,-112.39,-159.48,17497.77,17482.71,923.11,1.0,0,0,0.0,154,chargedoff,1,237.46666666666667,9.90353755128617,8.865641052143529,0.3541666666499999,0.1183047099288714,0.5454545454545454,1,False,False,False,False,False,False,True,False,False,False,False,False,False,False,False,False,False,True,False,False,1.0,medium,1
2010-01-06 06:22:48.787,,36,Chargedoff,2012-08-20,0.38438,0.35,0.34,0.1399,0.18,0.1399,1.0,3.0,1,NY,Professional,32.0,True,False,,,720.0,739.0,1997-09-27,10.0,10.0,37.0,7,339.0,4.0,13.0,1.0,4562.0,5.0,0.0,0.0,7316.0,0.74,126.0,33.0,0.9,1.0,0.18,True,4000.0,,,,,,,,,689,31.0,50,40449,1200,2010-01-20,Q1 2010,54.28,1381.28,662.8,718.48,-19.67,-30.07,537.2,537.2,43.0,1.0,0,0,0.0,17,chargedoff,1,149.46666666666667,7.090909822079984,8.294299608857235,3.333333333333333,0.013566608347913,0.9090909090909092,1,False,False,False,False,False,True,True,False,False,False,False,False,False,False,False,True,False,False,False,False,1.0,medium,1
2011-08-24 11:33:38.617,,36,Chargedoff,2013-03-15,0.35643,0.3199,0.3099,0.2917,0.165,0.1267,1.0,2.0,7,NY,Other,112.0,False,False,,,700.0,719.0,2003-03-27,1.0,1.0,17.0,1,0.0,0.0,0.0,1.0,0.0,2.0,0.0,0.0,134.0,0.0,23066.0,4.0,0.5,0.0,,False,3400.0,,,,,,,,,482,19.0,30,53092,4000,2011-09-13,Q3 2011,174.2,2264.6,1031.77,1232.83,-38.56,-2.13,2968.23,2968.23,0.0,1.0,0,0,0.0,4,chargedoff,1,102.4,8.294299608857235,8.131824785007195,0.85,0.0512202293443104,0.5,1,False,False,False,False,False,True,False,False,False,False,False,False,True,False,False,True,False,False,False,False,1.0,medium,1
2012-05-08 13:52:07.150,,12,Chargedoff,2012-10-15,0.26824,0.1897,0.1797,0.1755,0.118,0.0575,3.0,6.0,7,HI,Administrative Assistant,232.0,False,False,,,700.0,719.0,1994-01-16,5.0,5.0,13.0,4,981.0,2.0,3.0,0.0,0.0,0.0,0.0,0.0,108339.0,0.84,19511.0,13.0,1.0,0.0,,False,2083.333333,,,,,,,,,633,5.0,22,65405,2000,2012-05-15,Q2 2012,184.28,0.0,0.0,0.0,0.0,0.0,2000.0,2000.0,0.0,1.0,0,0,0.0,3,chargedoff,1,222.9,7.601402334583733,7.642204338739265,1.0416666665,0.0884119622722552,0.8333333333333334,0,False,False,False,True,False,False,False,False,False,False,False,False,False,False,False,True,False,False,False,False,1.0,medium,1
2007-09-29 19:12:46.143,HR,36,Defaulted,2010-02-09,0.25903,0.24,0.23,,,,,,0,MI,Clerical,128.0,False,True,FEF83377364176536637E50,2007-09-29 18:55:05.913,520.0,539.0,1993-12-24,0.0,0.0,24.0,0,0.0,0.0,5.0,9.0,1665.0,14.0,0.0,0.0,0.0,0.0,0.0,10.0,0.4,0.0,0.01,True,3230.166667,,,,,,,,,990,28.0,77,20597,1000,2007-10-11,Q4 2007,0.0,941.52,584.15,357.37,-14.89,-178.33,415.84,179.68,358.25,1.0,1,0,0.0,14,defaulted,1,167.56666666666666,6.90875477931522,8.080598548214315,3.230166667,0.0,0.0,1,False,False,False,False,False,False,True,False,False,False,False,False,False,False,False,True,False,False,False,False,1.0,medium,1
2008-01-25 16:20:13.020,A,36,Chargedoff,2009-05-01,0.12048,0.11,0.1,,,,,,4,CA,Other,31.0,False,False,,2008-01-25 16:10:43.737,720.0,739.0,1989-05-01,17.0,11.0,34.0,11,272.0,0.0,2.0,0.0,0.0,5.0,1.0,0.0,7864.0,0.27,4770.0,32.0,0.9,0.0,0.1,True,4166.666667,,,,,,,,,1895,16.0,74,27019,5000,2008-01-31,Q1 2008,163.69,1636.9,1228.89,408.01,-37.08,0.0,3771.11,3771.11,0.0,1.0,0,0,0.0,72,chargedoff,1,228.1,8.517393171418904,8.33511160590687,0.8333333334,0.0392761737151662,0.6111111111111112,1,False,False,False,False,False,False,True,False,False,False,False,False,False,False,False,False,True,False,False,False,1.0,medium,1
2007-04-04 17:30:36.313,D,36,Chargedoff,2008-12-19,0.25757,0.25,0.24,,,,,,0,TX,Civil Service,24.0,True,True,C9643379247860156A00EC0,2007-04-04 13:01:49.490,620.0,639.0,1986-10-17,7.0,7.0,17.0,6,402.0,2.0,17.0,1.0,765.0,0.0,0.0,0.0,16623.0,0.82,3647.0,12.0,0.92,0.0,0.35,True,2864.0,,,,,,,,,2030,20.0,83,12983,15000,2007-04-18,Q2 2007,596.4,8946.0,4929.8,4016.2,-160.66,0.0,10070.2,10070.2,0.0,1.0,1,0,0.0,148,chargedoff,1,249.13333333333333,9.61587214452889,7.960323629148839,0.1909333333333333,0.2081675392670157,0.875,0,False,False,False,False,False,False,False,False,False,False,False,True,False,False,False,True,False,False,False,False,1.0,medium,1
2007-02-22 23:16:26.417,E,36,Chargedoff,2007-12-05,0.24507,0.23,0.21,,,,,,0,TX,Other,92.0,False,True,FEF83377364176536637E50,2007-02-12 06:04:21.517,560.0,579.0,1992-09-29,2.0,4.0,50.0,2,0.0,3.0,10.0,16.0,15023.0,39.0,0.0,0.0,0.0,0.0,0.0,37.0,0.46,2.0,0.2,True,3833.333333,,,,,,,,,2408,9.0,84,8188,4000,2007-03-06,Q1 2007,154.84,597.74,286.93,310.81,-6.62,0.0,3713.08,3713.07,0.0,1.0,0,0,0.0,117,chargedoff,1,175.3,8.294299608857235,8.251750861140966,0.95833333325,0.0403825089142295,1.3333333333333333,1,False,False,False,False,False,False,True,False,False,False,False,False,False,False,False,True,False,False,False,False,1.0,medium,1
2007-09-30 21:39:32.633,C,36,Chargedoff,2008-04-09,0.24753,0.24,0.23,,,,,,0,GA,Other,143.0,True,False,,2007-09-24 06:19:49.420,660.0,679.0,2003-12-24,14.0,13.0,17.0,9,836.0,5.0,29.0,0.0,0.0,0.0,0.0,0.0,54507.0,0.39,9568.0,15.0,1.0,2.0,0.22,True,16416.666667,,,,,,,,,2282,6.0,77,20497,25000,2007-10-10,Q4 2007,980.82,980.82,471.23,509.59,-21.23,0.0,24528.77,24528.77,0.0,1.0,0,0,0.0,234,chargedoff,1,45.86666666666667,10.12667110305036,9.706113269802849,0.6566666666800001,0.0597417416185868,0.8666666666666667,0,False,False,False,False,False,False,True,False,False,False,False,False,False,False,True,False,False,False,False,False,1.0,medium,1
2008-06-18 10:21:14.933,C,36,Chargedoff,2009-03-30,0.18183,0.16,0.15,,,,,,1,IL,Truck Driver,110.0,True,False,,2008-05-30 13:02:01.237,640.0,659.0,1992-01-01,15.0,14.0,23.0,12,1320.0,6.0,11.0,0.0,0.0,0.0,0.0,0.0,51830.0,0.71,11342.0,22.0,0.86,3.0,0.25,True,5666.666667,,,,,,,,,1929,10.0,69,33420,2000,2008-06-27,Q2 2008,70.31,281.24,177.81,103.43,-6.46,0.0,1822.19,1822.19,0.0,1.0,0,0,0.0,78,chargedoff,1,200.4333333333333,7.601402334583733,8.64253278944819,2.8333333335,0.0124054578596479,0.875,0,False,False,False,False,False,False,True,False,False,False,False,False,False,False,False,False,True,False,False,False,1.0,medium,1
2008-04-02 12:27:30.890,C,36,Defaulted,2009-12-10,0.2568,0.2378,0.2278,,,,,,1,MN,Computer Programmer,72.0,True,False,,2008-04-02 11:25:17.090,640.0,659.0,1994-12-29,19.0,15.0,42.0,8,285.0,2.0,9.0,1.0,705.0,0.0,0.0,0.0,7431.0,0.59,3710.0,37.0,0.81,3.0,0.25,True,5666.666667,1.0,14.0,14.0,0.0,0.0,3000.0,1906.87,0.0,403,20.0,71,29488,3000,2008-04-09,Q2 2008,85.6,1761.55,810.04,951.51,-45.53,-723.51,2189.96,839.03,1255.47,1.0,0,0,0.0,35,defaulted,1,161.43333333333334,8.006700845440367,8.64253278944819,1.888888889,0.0151032170784506,0.75,0,False,False,False,False,False,False,True,False,False,False,False,False,False,False,False,False,True,False,False,False,1.0,medium,1
2006-11-15 10:22:14.840,E,36,Chargedoff,2008-10-26,0.16497,0.15,0.125,,,,,,0,,Professional,,False,True,783C3371218786870A73D20,2006-11-14 11:49:12.530,540.0,559.0,1997-12-01,,,29.0,5,165.0,6.0,19.0,4.0,,40.0,0.0,,,,,,,,0.2,True,2537.916667,,,,,,,,,2082,23.0,88,4926,1200,2006-11-27,Q4 2006,41.6,720.14,533.83,186.31,-7.16,0.0,672.26,666.17,0.0,1.0,0,0,0.0,9,chargedoff,1,109.03333333333332,7.090909822079984,7.839492759976607,2.1149305558333333,0.0163849410816444,,1,False,False,False,False,False,False,False,True,False,False,False,False,False,False,False,False,False,False,True,False,1.0,medium,1
2006-05-17 09:32:58.163,E,36,Chargedoff,2008-01-23,0.24679,0.2375,0.2325,,,,,,0,WA,,,False,False,,2006-05-10 14:48:47.863,540.0,559.0,1995-08-06,,,23.0,0,0.0,4.0,,1.0,,,1.0,,,,,,,,0.16,True,4166.666667,,,,,,,,,2359,20.0,94,1021,2025,2006-05-24,Q2 2006,79.18,1167.7,617.31,550.39,-11.42,0.0,1407.68,1407.69,0.0,1.0,0,0,0.0,17,chargedoff,1,131.23333333333332,7.613818684808629,8.33511160590687,2.057613168888889,0.0189986403248021,,0,False,False,False,False,False,False,False,False,False,False,False,False,False,False,False,False,False,False,True,False,1.0,medium,1
2007-04-18 10:29:23.777,B,36,Chargedoff,2008-01-19,0.22744,0.22,0.21,,,,,,0,MD,Truck Driver,145.0,True,True,CD0E3364909037313F32874,2007-03-31 01:18:10.907,680.0,699.0,1986-09-24,12.0,9.0,60.0,7,45.0,30.0,62.0,4.0,1800.0,12.0,1.0,1.0,587.0,0.0,8281.0,49.0,0.84,5.0,0.24,True,5833.333333,,,,,,,,,2363,9.0,83,13113,6500,2007-04-20,Q2 2007,248.24,992.96,508.66,484.3,-21.33,0.0,5991.34,5991.34,0.0,1.0,0,0,0.0,57,chargedoff,1,250.36666666666667,8.77971129020447,8.671515285065592,0.8974358973846153,0.0425481346079271,0.6923076923076923,1,False,False,False,False,False,False,True,False,False,False,False,False,False,False,False,False,True,False,False,False,1.0,medium,1
2012-01-13 10:19:31.653,,36,Chargedoff,2012-09-02,0.34577,0.3058,0.2958,0.2822,0.147,0.1352,2.0,6.0,7,OR,Other,10.0,False,False,,,640.0,659.0,1999-10-01,4.0,4.0,12.0,4,386.0,0.0,2.0,0.0,0.0,0.0,0.0,0.0,14635.0,0.97,285.0,11.0,1.0,0.0,,False,0.0,,,,,,,,,676,7.0,25,59914,4000,2012-02-03,Q1 2012,171.08,342.16,143.0,199.16,-6.51,0.0,3857.0,3857.0,0.0,1.0,0,0,0.0,45,chargedoff,1,149.56666666666666,8.294299608857235,0.0,0.0,171.08,0.8,0,False,False,False,False,True,False,False,False,True,False,False,False,False,False,False,False,False,False,False,True,1.0,medium,1
2006-11-12 12:04:28.323,E,36,Chargedoff,2008-12-18,0.29776,0.29,0.285,,,,,,0,TX,Executive,,False,False,,2006-11-11 09:03:56.610,540.0,559.0,1989-10-05,,,24.0,2,87.0,2.0,14.0,8.0,,7.0,1.0,,,,,,,,0.15,True,6750.0,,,,,,,,,2031,25.0,88,4737,4000,2006-11-17,Q4 2006,167.62,3272.4,1625.1,1647.3,-19.48,-66.77,2374.9,2374.9,0.0,1.0,0,0,0.0,36,chargedoff,1,208.2333333333333,8.294299608857235,8.81744592104187,1.6875,0.0248289142349281,,1,False,False,False,False,False,False,False,True,False,False,False,False,False,False,False,False,False,False,True,False,1.0,medium,1
2012-04-10 18:57:27.113,,36,Chargedoff,2013-06-19,0.35797,0.3177,0.3077,0.2896,0.165,0.1246,1.0,3.0,1,AL,Social Worker,56.0,True,False,,,740.0,759.0,2002-09-03,10.0,6.0,30.0,3,109.0,2.0,4.0,0.0,0.0,0.0,0.0,0.0,3768.0,0.93,40.0,16.0,1.0,1.0,0.45,True,2583.333333,,,,,,,,,386,15.0,23,63730,4000,2012-04-17,Q2 2012,173.71,1518.39,511.84,1006.55,-28.88,-147.65,3488.16,3488.16,0.0,1.0,0,0,0.0,25,chargedoff,1,116.9,8.294299608857235,7.857222855421867,0.64583333325,0.0672165613397673,0.5454545454545454,0,False,False,False,False,False,True,False,False,False,False,False,False,False,False,False,True,False,False,False,False,1.0,medium,1
2008-03-13 12:04:51.623,HR,36,Chargedoff,2009-02-22,0.29743,0.2745,0.2645,,,,,,1,CA,Administrative Assistant,47.0,False,False,,2008-03-11 11:47:42.457,520.0,539.0,1992-02-01,3.0,4.0,13.0,2,72.0,7.0,18.0,1.0,30.0,5.0,0.0,0.0,1051.0,1.31,0.0,10.0,0.6,1.0,0.17,True,2946.666667,2.0,13.0,13.0,0.0,0.0,5550.0,2331.4,-80.0,1966,11.0,72,28744,2551,2008-03-21,Q1 2008,104.76,613.56,257.91,355.65,-12.96,0.0,2293.09,2293.09,0.0,1.0,0,0,0.0,67,chargedoff,1,196.16666666666663,7.844632644464681,7.98876917602071,1.1551025742845942,0.035539975117546,1.0,1,False,False,False,False,False,False,True,False,False,False,False,False,False,False,False,True,False,False,False,False,1.0,medium,1
2008-08-28 13:17:07.370,D,36,Chargedoff,2009-03-05,0.17292,0.1512,0.1412,,,,,,1,VA,Administrative Assistant,25.0,True,False,,2008-08-19 13:49:49.247,620.0,639.0,1996-09-03,4.0,4.0,37.0,1,0.0,1.0,9.0,5.0,3484.0,21.0,0.0,0.0,0.0,0.0,1016.0,30.0,0.45,1.0,0.18,True,3500.0,,,,,,,,,1467,1.0,66,36287,6702,2008-09-04,Q3 2008,232.72,232.72,149.43,83.29,-5.51,0.0,6552.57,6552.57,3730.56,1.0,1,1,4692.0,1,chargedoff,1,145.9,8.810310466357958,8.160803920954665,0.5222321695016413,0.0664724364467295,0.8,1,False,False,False,False,False,False,True,False,False,False,False,False,False,False,False,True,False,False,False,False,1.0,medium,1
2008-03-05 19:50:31.910,B,36,Defaulted,2010-01-14,0.13915,0.125,0.115,,,,,,1,OH,Laborer,94.0,True,False,,2008-03-05 19:39:47.447,700.0,719.0,1996-01-12,8.0,7.0,26.0,5,95.0,0.0,4.0,0.0,0.0,0.0,0.0,0.0,4111.0,0.66,2049.0,24.0,0.88,1.0,0.3,True,2564.75,,,,,,,,,570,22.0,72,28430,11000,2008-03-13,Q1 2008,367.99,6255.83,4682.28,1573.55,-125.88,0.0,6317.72,6317.72,0.0,1.0,0,0,0.0,250,defaulted,1,147.86666666666667,9.305741456739437,7.850006112525824,0.2331590909090909,0.143423950112053,0.7777777777777778,0,False,False,False,False,False,False,True,False,False,False,False,False,False,False,False,True,False,False,False,False,1.0,medium,1
2009-11-27 09:39:17.470,,36,Chargedoff,2011-05-13,0.35617,0.325,0.315,0.1165,0.18,0.1165,1.0,5.0,6,CA,Military Enlisted,146.0,True,False,,,680.0,699.0,1998-02-18,9.0,9.0,26.0,3,406.0,9.0,21.0,0.0,0.0,0.0,0.0,0.0,12681.0,0.86,1969.0,25.0,1.0,2.0,0.5,True,4416.666667,,,,,,,,,1154,18.0,51,39860,1300,2009-12-11,Q4 2009,56.98,683.76,304.07,379.69,-11.67,0.0,995.94,995.93,0.0,1.0,0,0,0.0,48,chargedoff,1,143.33333333333334,7.170888478512505,8.393366932288023,3.397435897692308,0.0128982117246737,0.9,0,False,False,False,False,False,True,True,False,False,False,False,False,False,False,False,False,True,False,False,False,1.0,medium,1
2010-04-15 15:33:26.607,,36,Chargedoff,2012-10-30,0.2239,0.199,0.189,0.1196,0.065,0.1196,4.0,9.0,7,LA,Sales - Commission,86.0,False,False,,,680.0,699.0,1998-05-25,9.0,8.0,22.0,8,188.0,0.0,1.0,1.0,2820.0,7.0,1.0,0.0,3879.0,0.61,2123.0,19.0,0.84,0.0,0.07,True,3750.0,,,,,,,,,618,30.0,47,42093,1500,2010-04-30,Q2 2010,55.67,1398.44,887.79,510.65,-24.02,-14.19,612.21,612.21,0.0,1.0,0,0,0.0,66,chargedoff,1,144.76666666666668,7.313886831633462,8.229777750081887,2.5,0.0148413756331644,0.8,1,False,False,True,False,False,False,True,False,False,False,False,False,False,False,False,True,False,False,False,False,1.0,medium,1
2007-06-14 10:25:25.010,C,36,Defaulted,2008-09-23,0.18726,0.18,0.17,,,,,,0,OR,Social Worker,21.0,False,False,,2007-06-12 17:27:04.200,640.0,659.0,1997-01-30,4.0,4.0,15.0,2,40.0,10.0,26.0,0.0,0.0,11.0,1.0,1.0,345.0,0.32,705.0,14.0,0.78,4.0,0.17,True,2500.0,,,,,,,,,459,0.0,81,16311,6500,2007-06-25,Q2 2007,234.99,2354.98,1119.55,1235.43,-19.71,-813.5175,5380.47,2476.72,1504.27,1.0,0,0,0.0,126,defaulted,1,126.23333333333332,8.77971129020447,7.824445930877619,0.3846153846153846,0.0939584166333466,0.8,1,False,False,False,False,False,False,True,False,False,False,False,False,False,False,False,True,False,False,False,False,1.0,medium,1
2007-02-07 20:46:37.230,D,36,Chargedoff,2009-01-17,0.19981,0.1925,0.1875,,,,,,0,MO,Other,,True,False,,2007-01-24 18:57:29.413,600.0,619.0,1991-02-12,,,33.0,11,520.0,5.0,7.0,2.0,,6.0,0.0,,,,,,,,0.3,True,2916.666667,,,,,,,,,2001,23.0,85,7543,4500,2007-02-16,Q1 2007,165.52,2974.36,1912.23,1062.13,-27.58,0.0,2587.77,2587.77,0.0,1.0,0,0,0.0,79,chargedoff,1,194.63333333333333,8.412054873292933,7.978539489178575,0.6481481482222222,0.0567302639030355,,1,False,False,False,False,False,False,False,True,False,False,False,False,False,False,False,False,False,False,True,False,1.0,medium,1
2012-02-02 16:25:46.793,,36,Chargedoff,2013-03-09,0.24246,0.2049,0.1949,0.1904,0.089,0.1014,4.0,7.0,9,CT,Analyst,70.0,True,False,,,660.0,679.0,1997-07-25,10.0,9.0,34.0,5,376.0,0.0,7.0,0.0,0.0,8.0,0.0,0.0,13857.0,0.93,993.0,27.0,0.77,1.0,0.18,True,8416.666667,,,,,,,,,488,14.0,25,60104,12000,2012-02-07,Q1 2012,448.96,3976.95,1773.83,2203.12,-48.32,-227.09,10226.17,10226.17,0.0,1.0,0,0,0.0,38,chargedoff,1,176.83333333333334,9.39274525863144,9.03808795089861,0.7013888889166666,0.0533354452915164,0.8181818181818182,1,False,False,True,False,False,False,False,False,False,False,False,False,False,False,True,False,False,False,False,False,1.0,medium,1
